model,price,rating,ram,has_5g,has_NFC,has_IR_Blaster,brand,processor_name,processor_speed (GHz),battery_capacity,supports_fast_charging,rom
11 5G,54999,89,12,1,1,0,OnePlus,Snapdragon,3.2,5000,1,256
Nord CE 2 Lite 5G,19989,81,6,1,0,0,OnePlus,Snapdragon,2.2,5000,1,128
Galaxy A14 5G,16499,75,4,1,0,0,Samsung,Exynos,2.4,5000,1,64
Moto G62 5G,14999,81,6,1,0,0,Motorola,Snapdragon,2.2,5000,1,128
10 Pro Plus,24999,82,6,1,0,0,Realme,Dimensity,2.6,5000,1,128
Galaxy F23 5G (6GB RAM + 128GB),16999,80,6,1,1,0,Samsung,Snapdragon,2.2,5000,1,128
iPhone 14,65999,81,6,1,1,0,Apple,Bionic,3.22,3279,1,128
Redmi Note 12 Pro Plus,29999,86,8,1,0,1,Xiaomi,Dimensity,2.6,4980,1,256
Phone 1,26749,85,8,1,1,0,Nothing,Snapdragon,2.5,4500,1,128
Nord 2T 5G,28999,84,8,1,1,0,OnePlus,Dimensity,3,4500,1,128
10 Pro,18999,82,6,1,0,0,Realme,Snapdragon,2.2,5000,1,128
A78,18999,79,8,1,1,0,Oppo,Dimensity,2.2,5000,1,128
Redmi Note 12 Pro 5G,24762,79,6,1,0,1,Xiaomi,Dimensity,2.6,5000,1,128
T1 5G (6GB RAM + 128GB),16990,80,6,1,0,0,Vivo,Snapdragon,2.2,5000,1,128
Galaxy S23 Ultra 5G,114990,78.25824801,8,1,1,0,Samsung,Snapdragon,3.2,5000,1,256
iPhone 13,62999,79,4,1,1,0,Apple,Bionic,3.22,3240,1,128
Y16,9999,65,3,0,0,0,Vivo,Helio,2.3,5000,1,32
Reno 9 Pro Plus,45999,86,16,1,1,0,OPPO,Snapdragon,3.2,4700,1,256
10R 5G,32999,86,8,1,1,0,OnePlus,Dimensity,2.85,5000,1,128
Y22,14499,72,4,0,0,0,Vivo,Helio,2,5000,1,64
11R,39999,85,8,1,1,0,OnePlus,Snapdragon,3.2,5000,1,128
V25 Pro 5G,35999,85,8,1,0,0,Vivo,Dimensity,3,4830,1,128
X4 Pro 5G,14999,80,6,1,0,1,Poco,Snapdragon,2.2,5000,1,64
Redmi Note 12,17859,76,4,1,0,1,Xiaomi,Snapdragon,2,5000,1,128
V26 Pro,42990,87,12,1,1,0,Vivo,Dimensity,3.2,4800,1,256
Galaxy S20 FE 5G,31239,88,8,1,1,0,Samsung,Snapdragon,2.84,4500,1,128
Nord CE 2 Lite 5G (8GB RAM + 128GB),21995,84,8,1,0,0,OnePlus,Snapdragon,2.2,5000,1,128
iPhone 14 Pro Max,129990,76,6,1,1,0,Apple,Bionic,2.2,4323,1,128
V25 5G,27999,83,8,1,0,0,Vivo,Dimensity,2,4500,1,128
11 Pro,69999,78.25824801,8,1,1,0,OnePlus,Snapdragon,3.2,4500,1,128
10 Pro (8GB RAM + 128GB),19999,84,8,1,0,0,Realme,Snapdragon,2.2,5000,1,128
X5 Pro,20999,81,6,1,1,1,Poco,Snapdragon,2.4,5000,1,128
V27,27990,83,8,1,0,0,Vivo,Dimensity,2.2,4700,1,256
iPhone 11,38999,73,4,0,1,0,Apple,A13,2.65,3110,0,64
Galaxy M53 5G,23790,85,6,1,0,0,Samsung,Dimensity,2.4,5000,1,128
Galaxy S21 FE 5G,39999,87,8,1,1,0,Samsung,Exynos,2.9,4500,1,128
Reno 8T,29990,87,8,1,1,0,Oppo,Snapdragon,2.2,5000,1,256
Galaxy S22 Ultra 5G,91999,78.25824801,12,1,1,0,Samsung,Snapdragon,3,5000,1,256
Redmi Note 12 Pro Max 5G,32999,83,6,1,0,1,Xiaomi,Snapdragon,2.36,5200,1,128
Reno 9 5G,28499,83,8,1,1,0,OPPO,Snapdragon,2.4,4500,1,256
Nord CE 3 5G,21999,83,6,1,1,0,OnePlus,Snapdragon,2.2,5000,1,128
Redmi Note 11 Pro Plus 5G,19999,83,6,1,0,1,Xiaomi,Snapdragon,2.2,5000,1,128
Edge 20 Fusion 5G,18999,87,6,1,1,0,Motorola,Dimensity,2.4,5000,1,128
10 Pro Plus (8GB RAM + 256GB),27999,85,8,1,0,0,Realme,Dimensity,2.6,5000,1,256
Y35,18499,80,8,0,0,0,Vivo,Snapdragon,2.4,5000,1,128
Galaxy M33 5G,17478,81,6,1,1,0,Samsung,Exynos,2.4,6000,1,128
Redmi Note 11,11936,76,4,0,0,1,Xiaomi,Snapdragon,2.4,5000,1,64
C33,8950,64,3,0,0,0,Realme,Unisoc,1.8,5000,0,32
Y16 (4GB RAM + 64GB),12489,68,4,0,0,0,Vivo,Helio,2.3,5000,1,64
Galaxy A74 5G,42999,78.25824801,8,1,1,0,Samsung,Snapdragon,2.36,5000,1,128
Galaxy A14 5G (6GB RAM + 128GB),18999,79,6,1,0,0,Samsung,Exynos,2.4,5000,1,128
Neo 7 5G,29999,82,8,1,1,1,iQOO,Dimensity,3.1,5000,1,128
JioPhone 5G,11990,64,4,1,0,0,Jio,Snapdragon,2.2,5000,1,32
Moto G82 5G,18999,83,6,1,1,0,Motorola,Snapdragon,2.2,5000,1,128
10,13999,74,4,0,0,0,Realme,Helio,2.2,5000,1,64
9i 5G,14965,75,4,1,0,0,Realme,Dimensity,2.4,5000,1,64
iPhone 14 Plus,74999,82,6,1,1,0,Apple,Bionic,3.22,4325,1,128
Redmi Note 10S,10999,78,6,0,0,1,Xiaomi,Helio,2.05,5000,1,64
Galaxy S23 Plus,84990,89,8,1,1,0,Samsung,Snapdragon,3.2,4700,1,256
Moto G32,10499,75,4,0,0,0,Motorola,Snapdragon,2.4,5000,1,64
Redmi Note 13 Pro 5G,17990,78,6,1,1,1,Xiaomi,Dimensity,2,5000,1,128
S16,29990,85,8,1,1,0,Vivo,Snapdragon,3.2,4600,1,128
Galaxy A23,18499,79,6,0,0,0,Samsung,Snapdragon,2.4,5000,1,128
Y22 (6GB RAM + 128GB),16499,75,6,0,0,0,Vivo,Helio,2,5000,1,128
M4 Pro 5G (6GB RAM + 128GB),14999,81,6,1,0,1,Poco,Dimensity,2.4,5000,1,128
S16 Pro,35499,86,8,1,1,0,Vivo,Dimensity,3.1,4600,1,256
10 Pro 5G,60999,89,8,1,1,0,OnePlus,Snapdragon,3,5000,1,128
Redmi Note 12 Pro Plus (12GB RAM + 256GB),32999,87,12,1,0,1,Xiaomi,Dimensity,2.6,4980,1,256
Galaxy F23 5G,15999,78,4,1,1,0,Samsung,Snapdragon,2.2,5000,1,128
Find N Fold,99990,78.25824801,8,1,1,0,Oppo,Snapdragon,3.2,5000,1,256
A17K,9499,62,3,0,0,0,OPPO,Helio,2.3,5000,0,64
V23 5G (12GB RAM + 256GB),27994,86,12,1,0,0,Vivo,Dimensity,2.5,4200,1,256
Z6 Lite 5G,13989,75,4,1,0,0,iQOO,Snapdragon,2,5000,1,64
10T,44999,85,8,1,1,0,OnePlus,Snapdragon,3.2,4800,1,128
Redmi Note 10T 5G (6GB RAM +128GB),13999,79,6,1,0,1,Xiaomi,Dimensity,2.2,5000,1,128
G13 Pro,6190,78.25824801,4,0,0,0,Gionee,Tiger,2,3500,0,32
iPhone 13 Pro,119900,83,6,1,1,0,Apple,Bionic,3.22,3095,1,128
F22 Pro,27660,83,8,1,0,0,OPPO,Snapdragon,2.2,4800,1,128
Galaxy A34 5G,24999,75,6,1,1,0,Samsung,Exynos,2.2,5000,1,128
Redmi 10A (4GB RAM + 64GB),8388,66,4,0,0,0,Xiaomi,Helio,2,5000,0,64
Moto G72 4G,15999,83,6,0,1,0,Motorola,Helio,2.2,5000,1,128
Galaxy A14 5G (8GB RAM + 128GB),20999,82,8,1,0,0,Samsung,Exynos,2.4,5000,1,128
9 5G,13999,75,4,1,0,0,Realme,Dimensity,2.4,5000,1,64
T1 5G (8GB RAM + 128GB),19990,83,8,1,0,0,Vivo,Snapdragon,2.2,5000,1,128
Galaxy M13 5G,13999,75,6,1,0,0,Samsung,Dimensity,2.2,5000,1,128
Edge 30 5G,22999,83,6,1,1,0,Motorola,Snapdragon,2.5,4020,1,128
Galaxy A23 5G,22999,79,6,1,0,0,Samsung,Snapdragon,2.2,5000,1,128
K10 5G,16999,79,8,1,0,0,OPPO,Dimensity,2.4,5000,1,128
Redmi Note 11 (6GB RAM + 128GB),14290,80,6,0,0,1,Xiaomi,Snapdragon,2.4,5000,1,128
Galaxy A73 5G,41999,78.25824801,8,1,1,0,Samsung,Snapdragon,2.4,5000,1,128
Y21 2021,13489,69,4,0,0,0,Vivo,Helio,2.3,5000,1,64
Ace Racing Edition 5G,22990,83,8,1,1,0,OnePlus,Dimensity,2.85,5000,1,128
Moto G62 (8GB RAM + 128GB),16499,84,8,1,0,0,Motorola,Snapdragon,2.2,5000,1,128
X90 Pro Plus 5G,73999,78.25824801,12,1,1,1,Vivo,Snapdragon,3.2,4700,1,256
C33 (4GB RAM + 64GB),9999,67,4,0,0,0,Realme,Unisoc,1.8,5000,0,64
9i,12499,75,4,0,0,0,Realme,Snapdragon,2.4,5000,1,64
A17,12499,72,4,0,0,0,OPPO,Helio,2.3,5000,1,64
11 5G,59999,88,8,1,1,0,iQOO,Snapdragon,3.2,5000,1,256
X Fold 5G,106990,78.25824801,12,1,1,0,Vivo,Snapdragon,3,4600,1,256
T1 5G,15990,78,4,1,0,0,Vivo,Snapdragon,2.2,5000,1,128
iPhone 14 Pro,119990,75,6,1,1,0,Apple,Bionic,2.2,3200,1,128
Redmi Note 11 Pro Max 5G,19999,83,6,1,0,1,Xiaomi,Snapdragon,2.4,5200,1,128
Moto S30 Pro,23990,83,8,1,0,0,Motorola,Snapdragon,2.9,4400,1,128
10s,12999,80,8,1,0,0,Realme,Dimensity,2.4,5000,1,128
F19 Pro Plus 5G,19990,82,8,1,0,0,OPPO,Dimensity,2.4,4310,1,128
13 Pro 5G,58990,78.25824801,8,1,1,1,Xiaomi,Snapdragon,3.2,4820,1,128
V27 Pro,43999,87,12,1,0,0,Vivo,Dimensity,3.2,5000,1,256
Galaxy S22 5G,49999,86,8,1,1,0,Samsung,Snapdragon,3,3700,1,128
T1 44W (6GB RAM + 128GB),15999,79,6,0,0,0,Vivo,Snapdragon,2.4,5000,1,128
10R 5G (12GB RAM + 256GB),36999,87,12,1,1,0,OnePlus,Dimensity,2.85,5000,1,256
Phantom X2,39999,85,8,1,1,0,Tecno,Dimensity,3.05,5160,1,256
iPhone 12,51999,74,4,1,1,0,Apple,Bionic,3.1,6,0,64
Redmi K50i 5G,22999,82,6,1,0,1,Xiaomi,Dimensity,2.85,5080,1,128
Galaxy A53 5G,31999,87,6,1,1,0,Samsung,Exynos,2.4,5000,1,128
Redmi A1,6171,78.25824801,2,0,0,0,Xiaomi,Helio,2,5000,1,32
Reno8 5G,29340,83,8,1,1,0,OPPO,Dimensity,3,4500,1,128
Galaxy M53 5G (8GB RAM + 128GB),25289,87,8,1,0,0,Samsung,Dimensity,2.4,5000,1,128
Z6 Pro 5G,21788,78,6,1,0,0,iQOO,Snapdragon,2.4,4700,1,128
Pi Phone,69999,83,16,1,1,0,Tesla,Helio,2.4,5000,1,512
Galaxy S23,70990,88,8,1,1,0,Samsung,Snapdragon,3.2,3900,1,128
Edge 30 Pro 5G,34999,89,8,1,1,0,Motorola,Snapdragon,3,4800,1,128
Nord 2T (12GB RAM + 256GB),33900,85,12,1,1,0,OnePlus,Dimensity,3,4500,1,256
Pixel 6A,29999,71,6,1,1,0,Google,Google,3,4410,1,128
Note 12 Pro 5G,18999,84,8,1,0,0,Infinix,Dimensity,2.4,5000,1,128
Galaxy M33 5G (8GB RAM + 128GB),19499,84,8,1,1,0,Samsung,Exynos,2.4,6000,1,128
V23 5G,24994,83,8,1,0,0,Vivo,Dimensity,2.5,4200,1,128
Moto G42,10999,78,4,0,1,0,Motorola,Snapdragon,2.4,5000,1,64
Nord CE 2 Lite 5G (8GB RAM + 256GB),24999,85,8,1,0,0,OnePlus,Snapdragon,2.2,5000,1,256
Galaxy A33 5G,25999,82,6,1,1,0,Samsung,Exynos,2.4,5000,1,128
Pixel 7A,34990,69,6,1,1,0,Google,Google,2.4,4410,1,128
Redmi 11 Prime 5G,13466,74,4,1,0,1,Xiaomi,Dimensity,2.2,5000,1,64
Redmi Note 10 Lite,9999,76,4,0,0,1,Xiaomi,Snapdragon,2.3,5020,1,64
Moto E40,7999,71,4,0,0,0,Motorola,Tiger,1.8,5000,0,64
Phone 1 (8GB RAM + 256GB),28249,86,8,1,1,0,Nothing,Snapdragon,2.5,4500,1,256
X4 Pro 5G (6GB RAM + 128GB),16499,82,6,1,0,1,Poco,Snapdragon,2.2,5000,1,128
Redmi Note 11 Pro Plus 5G (8GB RAM + 256GB),22999,87,8,1,0,1,Xiaomi,Snapdragon,2.2,5000,1,256
iPhone 11 (128GB),46999,75,4,0,1,0,Apple,A13,2.65,3110,0,128
C35 (6GB RAM + 128GB),13999,74,6,0,0,0,Realme,Tiger,1.8,5000,1,128
K10,13490,78,6,0,0,0,OPPO,Snapdragon,2.4,5000,1,128
Neo 6 5G,28999,82,8,1,0,1,iQOO,Snapdragon,3.2,4700,1,128
Z6 5G,15499,78,4,1,0,0,iQOO,Snapdragon,2.2,5000,1,128
Reno 9 Pro 5G,39999,86,16,1,1,0,OPPO,Dimensity,2.85,4500,1,256
M4 Pro 5G,12999,76,4,1,0,1,Poco,Dimensity,2.4,5000,1,64
Phone 3,4499,78.25824801,2,0,0,0,Jio,Dimensity,2.4,2800,0,64
Clover,14999,69,4,0,0,0,OnePlus,Snapdragon,1.8,6000,1,64
Galaxy F04,8499,68,4,0,0,0,Samsung,Helio,2.3,5000,1,64
7,24990,83,8,1,1,0,iQOO,Snapdragon,3.2,4400,1,128
Galaxy M34 5G,16999,84,6,1,1,0,Samsung,Exynos,2.4,6000,1,128
Redmi 10,9589,71,4,0,0,0,Xiaomi,Snapdragon,2.4,6000,1,64
iPhone 12 Mini,40999,74,4,1,1,0,Apple,Bionic,3.1,5,0,64
Redmi Note 12 (6GB RAM + 128GB),19988,79,6,1,0,1,Xiaomi,Snapdragon,2,5000,1,128
Moto G52,11999,75,4,0,1,0,Motorola,Snapdragon,2.4,5000,1,64
iPhone 15 Pro Max,142990,79,8,1,1,0,Apple,Bionic,2.4,4352,1,256
A98,30990,87,8,1,1,0,Oppo,Snapdragon,3,5000,1,128
Zero 5G 2023,19499,85,8,1,0,0,Infinix,Dimensity,2.6,5000,1,256
2780 Flip,4990,78.25824801,6,0,0,0,Nokia,Snapdragon,1.3,1450,0,128
C30,5299,78.25824801,2,0,0,0,Realme,Tiger,1.82,5000,0,32
F21 Pro 5G,25969,82,8,1,0,0,OPPO,Snapdragon,2.2,4500,1,128
11 Pro,28999,82,6,1,0,0,Realme,Snapdragon,3,5000,1,128
Find N2 5G,94990,78.25824801,12,1,1,0,Oppo,Snapdragon,3.2,4520,1,256
9 4G,14999,81,6,0,0,0,Realme,Snapdragon,2.4,5000,1,128
Phone,14999,74,4,0,0,0,Cola,Helio,2.2,5000,1,64
iPhone 13 Pro Max,129900,84,6,1,1,0,Apple,Bionic,3.22,4352,1,128
Reno 10 Pro Plus,58990,88,12,1,1,0,Oppo,Snapdragon,3.2,4700,1,256
X90 5G,41990,88,8,1,1,1,Vivo,Dimensity,3.05,4810,1,128
Galaxy F13,10999,74,4,0,1,0,Samsung,Exynos,2,6000,1,64
Redmi Note 10S (6GB RAM + 128GB),11999,79,6,0,0,1,Xiaomi,Helio,2.05,5000,1,128
10 (8GB RAM + 128GB),16999,79,8,0,0,0,Realme,Helio,2.2,5000,1,128
9 SE 5G,30990,83,8,1,1,0,iQOO,Snapdragon,2.84,4500,1,128
Hot 20,17999,75,4,1,0,0,Infinix,Dimensity,2.4,5000,1,64
Y1 Pro,5499,78.25824801,4,0,0,0,Letv,Tiger,2,4000,0,32
Redmi Note 13 Pro Max 5G,20499,83,6,1,0,1,Xiaomi,Snapdragon,2.36,5200,1,128
Narzo 50 Pro 5G,20490,81,6,1,0,0,Realme,Dimensity,2.5,5000,1,128
A74 5G,15490,77,6,1,0,0,OPPO,Snapdragon,2,5000,1,128
iPhone 9,29990,61,3,0,1,0,Apple,A13,2.65,2050,1,64
Z6 Lite (6GB RAM + 128GB),15499,79,6,1,0,0,iQOO,Snapdragon,2,5000,1,128
Redmi Note 11SE,11999,80,6,0,0,1,Xiaomi,Helio,2.05,5000,1,64
Narzo 50,10999,74,4,0,0,0,Realme,Helio,2,5000,1,64
Y75 5G,21990,82,8,1,0,0,Vivo,Dimensity,2.2,5000,1,128
V25 (12GB RAM + 256GB),31999,85,12,1,0,0,Vivo,Dimensity,2,4500,1,256
M4 Pro 4G,11999,77,6,0,0,1,POCO,Helio,2.05,5000,1,64
Zero Ultra,36999,89,8,1,0,0,Infinix,Dimensity,2.5,4500,1,256
Spark Go 2023,6999,62,3,0,0,0,Tecno,Helio,2,5000,1,32
Moto X40,39999,89,8,1,1,0,Motorola,Snapdragon,3.2,4600,1,128
Galaxy F24 5G,14999,78,4,1,1,0,Samsung,Snapdragon,2.2,5000,1,128
10 5G,14499,79,8,1,0,0,Realme,Dimensity,2.2,5000,1,128
Nord 3 5G,27999,84,8,1,1,0,OnePlus,Dimensity,3.1,4200,1,128
Moto G82 (8GB RAM + 128GB),20499,86,8,1,1,0,Motorola,Snapdragon,2.2,5000,1,128
Z19 Pro,8099,60,4,0,0,0,iKall,Dimensity,2.2,5000,0,64
S1 Pro,10999,65,8,0,0,0,LeEco,Tiger,1.8,5000,1,128
C2s,3499,63,3,0,0,0,Realme,Helio,2,4000,0,32
F22 Pro,9990,78.25824801,4,0,0,0,Duoqin,Helio,2,2150,0,64
Galaxy M54 5G,34999,85,6,1,0,0,Samsung,Snapdragon,2.84,6000,1,128
N73 5G,46999,78.25824801,12,1,0,0,Nokia,Snapdragon,3,6000,1,256
Edge 30 Fusion 5G,39999,88,8,1,1,0,Motorola,Snapdragon,2.9,4400,1,128
C35,11828,70,4,0,0,0,Realme,Tiger,1.8,5000,1,64
Reno 8 Pro House of Dragon Edition,45999,86,12,1,1,0,OPPO,Dimensity,2.85,4500,1,256
Nord CE 3 Lite 5G,18999,81,6,1,0,0,OnePlus,Snapdragon,2.2,5000,1,128
X4 Pro 5G (8GB RAM + 128GB),17999,84,8,1,0,1,Poco,Snapdragon,2.2,5000,1,128
Galaxy M04,8499,66,4,0,0,0,Samsung,Helio,2.3,5000,1,64
A77s,17999,76,8,0,0,0,OPPO,Snapdragon,2.4,5000,1,128
Galaxy A13,14450,75,4,0,0,0,Samsung,Snapdragon,2.4,5000,1,64
Edge 30 Ultra,54999,78.25824801,8,1,1,0,Motorola,Snapdragon,3.2,4610,1,128
13 Ultra 5G,71999,78.25824801,12,1,1,1,Xiaomi,Snapdragon,3.2,5000,1,256
Moto G52 (6GB RAM + 128GB),12999,79,6,0,1,0,Motorola,Snapdragon,2.4,5000,1,128
M4 5G,11499,75,4,1,0,1,Poco,Dimensity,2.2,5000,1,64
Phone 1 (12GB RAM + 256GB),35999,87,12,1,1,0,Nothing,Snapdragon,2.5,4500,1,256
Galaxy A54 5G,34999,76,6,1,1,0,Samsung,Exynos,2.5,5000,1,128
Pova 4,11999,73,8,0,0,0,Tecno,Helio,2.2,6000,1,128
Redmi Note 12 Pro (8GB RAM + 256GB),27994,82,8,1,0,1,Xiaomi,Dimensity,2.6,5000,1,256
iPhone 14 Pro Max (256GB),139990,77,6,1,1,0,Apple,Bionic,2.6,4323,1,256
V25 Pro (12GB RAM + 256GB),39999,86,12,1,0,0,Vivo,Dimensity,3,4830,1,256
9 5G (6GB RAM + 128GB),15499,79,6,1,0,0,Realme,Dimensity,2.4,5000,1,128
9 Pro 5G,18999,80,6,1,0,0,Realme,Snapdragon,2.2,5000,1,128
Blaze 5G,10999,73,4,1,0,0,Lava,Dimensity,2.2,5000,0,128
X9a,27999,81,8,1,1,1,Honor,Snapdragon,2.2,5100,1,256
Pixel 7 Pro 5G,81999,78.25824801,12,1,1,0,Google,Google,2.85,5000,1,128
Pova 3,9999,74,4,0,0,0,Tecno,Helio,2,7000,1,64
V23 Pro 5G,31994,85,8,1,0,0,Vivo,Dimensity,3,4300,1,128
Galaxy A04e,9299,65,3,0,0,0,Samsung,Helio,2.3,5000,0,32
Redmi K60,29990,84,8,1,1,1,Xiaomi,Snapdragon,3.2,5500,1,128
9 Pro Plus 5G,25900,78,6,1,0,0,Realme,Dimensity,2.5,4500,1,128
9i 5G (6GB RAM + 128GB),16999,78,6,1,0,0,Realme,Dimensity,2.4,5000,1,128
Edge 30 5G (8GB RAM + 128GB),24999,85,8,1,1,0,Motorola,Snapdragon,2.5,4020,1,128
Redmi Note 11 (6GB RAM + 64GB),12188,79,6,0,0,1,Xiaomi,Snapdragon,2.4,5000,1,64
Y02,8999,78.25824801,3,0,0,0,Vivo,Helio,2.4,5000,1,32
C31 (4GB RAM + 64GB),7499,68,4,0,0,0,POCO,Helio,2.3,5000,0,64
Narzo 50 5G,17999,79,6,1,0,0,Realme,Dimensity,2.4,5000,1,128
GT Neo 3T,24999,79,6,1,0,0,Realme,Snapdragon,3.2,5000,1,128
Reno 8 Pro 5G,45999,86,12,1,1,0,OPPO,Dimensity,2.85,4500,1,256
10 Pro 5G (12GB RAM + 256GB),65499,78.25824801,12,1,1,0,OnePlus,Snapdragon,3,5000,1,256
11 Pro 5G,58990,89,8,1,1,1,iQOO,Snapdragon,3.2,4700,1,256
T1x 4G,11999,74,4,0,0,0,Vivo,Snapdragon,2.4,5000,1,64
Redmi 10 Power,11999,77,8,0,0,1,Xiaomi,Snapdragon,2.4,6000,1,128
A58,18990,76,6,1,0,0,OPPO,Dimensity,2.2,5000,1,128
T1 44W,14499,77,4,0,0,0,Vivo,Snapdragon,2.4,5000,1,128
Mix Fold 2 5G,106990,78.25824801,12,1,1,1,Xiaomi,Snapdragon,3.2,4500,1,256
Y16 (3GB RAM + 64GB),10499,66,3,0,0,0,Vivo,Helio,2.3,5000,1,64
Reno 8 Z,26990,86,8,1,1,0,OPPO,Snapdragon,2.2,4500,1,256
Y75 4G,19990,82,8,0,0,0,Vivo,Helio,2.05,4050,1,128
Redmi Note 12 Explorer,24999,89,8,1,1,1,Xiaomi,Dimensity,2.6,4300,1,256
A57 4G (4GB RAM + 64 GB),13969,69,4,0,0,0,OPPO,Helio,2.3,5000,1,64
Galaxy A75 5G,44999,83,8,1,1,0,Samsung,Snapdragon,2.3,5000,1,128
T1 Pro 5G (8GB RAM + 128GB),24999,84,8,1,0,0,Vivo,Snapdragon,2.4,4700,1,128
Pixel 7 5G,53100,86,8,1,1,0,Google,Google,2.85,4355,1,128
Redmi Note 11T 5G (6GB RAM + 128GB),16999,81,6,1,0,1,Xiaomi,Dimensity,2.4,5000,1,128
F21s Pro 4G,21899,82,8,0,0,0,OPPO,Snapdragon,2.4,4500,1,128
iPhone 14 (256GB),75999,82,6,1,1,0,Apple,Bionic,3.22,3279,1,256
Moto G73,25999,85,8,1,1,0,Motorola,Dimensity,2.2,5000,1,256
Red Magic 8 Pro 5G,46990,84,8,1,1,0,Nubia,Snapdragon,3.2,6000,1,128
Moto G31,9999,75,4,0,0,0,Motorola,Helio,2,5000,1,64
Phantom X2 Pro,49999,89,12,1,1,0,Tecno,Dimensity,3.05,5160,1,256
Zero 20,17999,87,8,0,1,0,Infinix,Helio,2.2,4500,1,128
Z6 5G (6GB RAM + 128GB),16940,80,6,1,0,0,iQOO,Snapdragon,2.2,5000,1,128
Redmi Note 11 Pro 5G,17990,81,6,1,0,1,Xiaomi,Snapdragon,2.2,5000,1,64
A1 Pro,20990,84,8,1,1,0,OPPO,Snapdragon,2.2,4800,1,128
Galaxy S22 FE 5G,51999,79,8,1,1,0,Samsung,Exynos,2.2,4200,1,128
Galaxy S22 Plus 5G,64449,87,8,1,1,0,Samsung,Snapdragon,3,4500,1,128
U3x,8990,71,6,1,0,0,Vivo,Snapdragon,2,5000,1,64
Moto G23,19999,77,4,0,1,0,Motorola,Helio,2,5000,1,128
M4 5G (6GB RAM + 128GB),13499,79,6,1,0,1,Poco,Dimensity,2.2,5000,1,128
Pova 5G,15499,78,8,1,0,0,Tecno,Dimensity,2.4,6000,1,128
C31,6499,65,3,0,0,0,POCO,Helio,2.3,5000,0,32
iPhone XR2,71999,60,4,0,1,0,Apple,Apple,2.3,3060,1,64
Galaxy A53 (8GB RAM + 256GB),36499,89,8,1,1,0,Samsung,Exynos,2.4,5000,1,256
Note 12 5G,15999,78,6,1,0,0,Infinix,Dimensity,2.4,5000,1,64
Reno7 Pro 5G,31994,87,12,1,1,0,OPPO,Dimensity,3,4500,1,256
Ace 2,34999,84,8,1,1,0,OnePlus,Snapdragon,3.2,5000,1,128
Note 11 Pro 2023,18999,81,6,0,0,1,Redmi,Snapdragon,2.3,5000,1,128
Phone 2,39990,88,8,1,1,0,Nothing,Snapdragon,3.2,4700,1,128
Galaxy A32 (8GB RAM + 128GB),16499,82,8,0,0,0,Samsung,Helio,2,5000,1,128
2720 V Flip,6199,78.25824801,6,0,0,0,Nokia,Snapdragon,1.1,1500,0,128
Pixel 6 Pro,54300,89,12,1,1,0,Google,Google,2.8,5003,1,128
Note 12i (2022),9999,73,4,0,0,0,Infinix,Helio,2,5000,1,64
Redmi 11 Prime 5G (6GB RAM + 128GB),15990,77,6,1,0,1,Xiaomi,Dimensity,2.2,5000,1,128
Redmi Note 11 Pro Plus 5G (8GB RAM + 128GB),22700,86,8,1,0,1,Xiaomi,Snapdragon,2.2,5000,1,128
12 Pro 5G,50990,89,8,1,1,1,Xiaomi,Snapdragon,3,4600,1,256
iPhone 13 Mini,64900,79,4,1,1,0,Apple,Bionic,3.22,2438,1,128
Pova 3 (6GB RAM + 128GB),13799,77,6,0,0,0,Tecno,Helio,2,7000,1,128
C31 (4GB RAM + 64GB),8999,65,4,0,0,0,Realme,Tiger,1.82,5000,0,64
ROG Phone 6 Pro 5G,89999,88,18,1,1,0,Asus,Snapdragon,3.2,6000,1,512
V23e 5G,21994,84,8,1,0,0,Vivo,Dimensity,2.4,4050,1,128
iPhone 14 Mini,69990,70,6,0,1,0,Apple,Bionic,2.4,3500,1,128
Redmi Note 10T 5G,12999,75,4,1,0,1,Xiaomi,Dimensity,2.2,5000,1,64
Neo 7 SE 5G,24990,83,8,1,1,0,iQOO,Dimensity,3.1,5000,1,128
Galaxy A23 (8GB RAM + 128GB),19990,82,8,0,0,0,Samsung,Snapdragon,2.4,5000,1,128
Redmi Note 12 Pro (8GB RAM + 128GB),26999,82,8,1,0,1,Xiaomi,Dimensity,2.6,5000,1,128
Redmi Note 12 Turbo,19999,81,8,1,1,1,Xiaomi,Snapdragon,2.4,5000,1,128
Note 12 Pro,16900,83,8,0,0,0,Infinix,Helio,2.2,5000,1,256
Hot 20 (6GB RAM+ 128GB),19999,78,6,1,0,0,Infinix,Dimensity,2.4,5000,1,128
iPhone 14 Pro Max (1TB),182999,78,6,1,1,0,Apple,Bionic,2.4,4323,1,128
Galaxy M13,12999,75,6,0,0,0,Samsung,Exynos,2,6000,1,128
M4 Pro 5G (8GB RAM + 128GB),15999,82,8,1,0,1,Poco,Dimensity,2.4,5000,1,128
Redmi Note 10S (8GB RAM + 128GB),13999,82,8,0,0,1,Xiaomi,Helio,2.05,5000,1,128
C11 2021 (4GB RAM + 64GB),7749,61,4,0,0,0,Realme,Snapdragon,1.6,5000,0,64
Galaxy A23 5G (8GB RAM + 128GB),24999,81,8,1,0,0,Samsung,Snapdragon,2.2,5000,1,128
Edge 30 Ultra (12GB RAM + 256GB),59999,78.25824801,12,1,1,0,Motorola,Snapdragon,3.2,4610,1,256
F21s Pro,25895,82,8,1,0,0,OPPO,Snapdragon,2.2,4500,1,128
13 5G,46990,89,8,1,1,1,Xiaomi,Snapdragon,3.2,4500,1,128
Redmi 10A,7499,64,3,0,0,0,Xiaomi,Helio,2,5000,0,32
Y01A,7790,60,2,0,0,0,Vivo,Helio,2.3,5000,1,32
Redmi K50i (8GB RAM + 256GB),25999,85,8,1,0,1,Xiaomi,Dimensity,2.85,5080,1,256
C30 (3GB RAM + 32GB),6299,60,3,0,0,0,Realme,Tiger,1.82,5000,0,32
Moto G51 5G,12999,77,4,1,1,0,Motorola,Snapdragon,2.2,5000,0,64
Redmi 10 (6GB RAM + 128GB),11999,75,6,0,0,0,Xiaomi,Snapdragon,2.4,6000,1,128
Mi 11 Lite NE 5G,21890,83,6,1,1,1,Xiaomi,Snapdragon,2.4,4250,1,128
Galaxy Z Flip 3,69999,84,8,1,1,0,Samsung,Snapdragon,2.84,3300,1,128
iPhone 12 (128GB),55999,75,4,1,1,0,Apple,Bionic,3.1,6,0,128
10T (16GB RAM + 256GB),55999,87,16,1,1,0,OnePlus,Snapdragon,3.2,4800,1,256
Galaxy A13 (4GB RAM + 128GB),14999,75,4,0,0,0,Samsung,Snapdragon,3.2,5000,1,128
Reno7 5G,25994,85,8,1,1,0,OPPO,Dimensity,2,4500,1,256
9RT 5G,42999,85,8,1,1,0,OnePlus,Snapdragon,2.84,4500,1,128
Galaxy A53 5G (8GB RAM + 128GB),33499,89,8,1,1,0,Samsung,Exynos,2.4,5000,1,128
Galaxy S22 Ultra 5G (12GB RAM + 512GB),118999,78.25824801,12,1,1,0,Samsung,Snapdragon,3,5000,1,512
Moto G71 5G,16999,80,6,1,1,0,Motorola,Snapdragon,2.2,5000,1,128
S16 Pro,6990,78.25824801,2,0,0,0,itel,Snapdragon,2.2,4000,0,32
Y100,29990,82,8,1,0,0,Vivo,Dimensity,2.4,5000,1,128
Galaxy M13 5G (4GB RAM + 64GB),12944,71,4,1,0,0,Samsung,Dimensity,2.2,5000,1,64
X5 GT,29990,84,8,1,1,1,POCO,Dimensity,3.2,5000,1,128
X9 5G,16999,80,8,1,1,0,Honor,Snapdragon,2.2,4800,1,128
11 (16GB RAM + 256GB),64999,89,16,1,1,0,iQOO,Snapdragon,3.2,5000,1,256
Galaxy Z Fold 4,154998,78.25824801,12,1,1,0,Samsung,Snapdragon,3.2,4400,1,256
FlexPai 2,109999,87,8,1,0,0,Royole,Snapdragon,2.84,4450,0,128
iPhone 14 Plus (256GB),84999,83,6,1,1,0,Apple,Bionic,3.22,4325,1,256
Galaxy A33 5G (8GB RAM + 128GB),27499,85,8,1,1,0,Samsung,Exynos,2.4,5000,1,128
Spark 9,8999,69,6,0,0,0,Tecno,Helio,2.3,5000,0,128
Pixel 6,40480,84,8,1,1,0,Google,Google,2.8,4614,1,128
Redmi Note 10 Pro (6GB RAM + 128GB),17999,81,6,0,0,1,Xiaomi,Snapdragon,2.3,5020,1,128
Galaxy S21 Ultra,105999,78.25824801,12,1,1,0,Samsung,Exynos,2.9,5000,1,256
Hot 20 Play,8999,67,4,0,0,0,Infinix,Helio,2.3,6000,1,64
T1x (6GB RAM + 128GB),14999,77,6,0,0,0,Vivo,Snapdragon,2.4,5000,1,128
F23 Pro,19990,82,8,1,0,0,OPPO,Snapdragon,2.2,4500,1,128
Z6 Pro 5G (8GB RAM + 128GB),23399,80,8,1,0,0,iQOO,Snapdragon,2.4,4700,1,128
Galaxy A73 5G (8GB RAM + 256GB),41990,78.25824801,8,1,1,0,Samsung,Snapdragon,2.4,5000,1,256
9 5G SE (8GB RAM + 128GB),22998,82,8,1,0,0,Realme,Snapdragon,2.4,5000,1,128
F4 5G,25999,82,6,1,1,0,Poco,Snapdragon,3.2,4500,1,128
Note 12,11700,74,4,0,0,0,Infinix,Helio,2,5000,1,64
Galaxy A03 Core,6499,78.25824801,2,0,0,0,Samsung,Unisoc,1.6,5000,0,32
Moto G60,15999,84,6,0,1,0,Motorola,Snapdragon,2.3,6000,1,128
9 Pro,64800,89,8,1,1,0,OnePlus,Snapdragon,2.84,4500,1,128
Redmi Note 11S,14590,80,6,0,0,1,Xiaomi,Helio,2.05,5000,1,64
Redmi 9 Activ,7499,68,4,0,0,0,Xiaomi,Helio,2.3,5000,0,64
Camon 19 Pro 5G,21999,82,8,1,1,0,Tecno,Dimensity,2.4,5000,1,128
Galaxy A04,11999,71,4,0,0,0,Samsung,Helio,2.3,5000,1,64
M4 Pro 4G (6GB RAM + 128GB),12999,79,6,0,0,1,POCO,Helio,2.05,5000,1,128
Nord N20 5G,20990,81,6,1,1,0,OnePlus,Snapdragon,2.2,4500,1,128
iPhone 13 (256GB),72999,79,4,1,1,0,Apple,Bionic,3.22,3240,1,256
Find X6 Pro,77990,78.25824801,12,1,1,0,Oppo,Snapdragon,3.2,4700,1,256
X90 Pro 5G,56999,78.25824801,8,1,1,1,Vivo,Dimensity,3.05,4870,1,256
Moto G53,21999,79,4,1,1,0,Motorola,Snapdragon,2.2,5000,1,128
Moto G22,9499,75,4,0,0,0,Motorola,Helio,2.3,5000,1,64
Redmi 9i Sport,7499,66,4,0,0,0,Xiaomi,Helio,2,5000,1,64
JioPhone Next,4649,78.25824801,2,0,0,0,Jio,Qualcomm,1.3,3500,0,32
Y93,18000,62,4,0,0,0,Vivo,Helio,2,4030,0,32
Redmi K60 Pro,38999,85,8,1,1,1,Xiaomi,Snapdragon,3.2,5000,1,128
C30s,7145,78.25824801,2,0,0,0,Realme,Unisoc,1.6,5000,1,32
Y22s,14990,77,8,0,0,0,Vivo,Snapdragon,2.4,5000,1,128
A77,15499,70,4,0,0,0,OPPO,Helio,2.3,5000,1,64
Redmi 10A Sport,9999,69,6,0,0,1,Xiaomi,Helio,2,5000,0,128
F4 (12GB RAM + 256GB),29999,86,12,1,1,0,Poco,Snapdragon,3.2,4500,1,256
9 4G (8GB RAM + 128GB),15999,84,8,0,0,0,Realme,Snapdragon,2.4,5000,1,128
12T Pro 5G,59990,89,8,1,1,1,Xiaomi,Snapdragon,3.2,5000,1,128
9 5G,34990,84,8,1,0,0,iQOO,Snapdragon,2.9,4350,1,128
iPhone 12 Mini (128GB),45999,75,4,1,1,0,Apple,Bionic,3.1,5,0,128
Galaxy S24 Ultra,119990,85,12,1,0,0,Samsung,Snapdragon,3.1,5100,1,256
Find N Flip,89990,88,8,1,1,0,OPPO,Dimensity,3.05,4300,1,128
10T (12GB RAM + 256GB),50999,87,12,1,1,0,OnePlus,Snapdragon,3.2,4800,1,256
Spark 9 (4GB RAM + 64GB),7999,65,4,0,0,0,Tecno,Helio,2.3,5000,0,64
Galaxy S21 FE 5G (8GB RAM + 256GB),43999,88,8,1,1,0,Samsung,Exynos,2.9,4500,1,256
Redmi Note 11T 5G (8GB RAM + 128GB),18499,83,8,1,0,1,Xiaomi,Dimensity,2.4,5000,1,128
Xperia Pro-I,134999,78.25824801,12,1,1,0,Sony,Snapdragon,2.84,4500,1,512
V21 Pro,32999,85,8,1,0,0,Vivo,Snapdragon,2.4,4300,1,128
X3,13499,80,6,0,0,1,Poco,Snapdragon,2.3,6000,1,64
Galaxy S20 FE,35489,86,8,0,1,0,Samsung,Exynos,2.73,4500,1,128
Pixel 4,20120,78,6,0,1,0,Google,Snapdragon,2.8,2800,1,64
Galaxy S10 Plus,42999,81,8,0,1,0,Samsung,Exynos,2.7,4100,1,128
2660 Flip,4649,78.25824801,6,0,0,0,Nokia,Snapdragon,2.7,48,0,128
11 Pro Plus,24999,78,6,1,0,0,Realme,Dimensity,2.2,4200,1,128
F21 Pro 4G,20999,82,8,0,0,0,OPPO,Snapdragon,2.4,4500,1,128
GT 2 5G,28994,84,8,1,1,0,Realme,Snapdragon,2.84,5000,1,128
Galaxy S21,48900,88,8,1,1,0,Samsung,Exynos,2.9,4000,1,128
Galaxy A71,22494,86,8,0,0,0,Samsung,Snapdragon,2.2,4500,1,128
Y02s,8990,61,3,0,0,0,Vivo,Helio,2.3,5000,1,32
Y2 Pro,6999,78.25824801,4,0,0,0,Letv,Unisoc,2.3,4000,0,32
Spark 8C (4GB RAM + 64GB),8890,63,4,0,0,0,Tecno,Unisoc,2,5000,0,64
Z6 5G (8GB RAM + 128GB),18498,82,8,1,0,0,iQOO,Snapdragon,2.2,5000,1,128
T1 Pro,23999,81,6,1,0,0,Vivo,Snapdragon,2.4,4700,1,128
9 Pro Plus 5G (8GB RAM + 128GB),22994,81,8,1,0,0,Realme,Dimensity,2.5,4500,1,128
Galaxy A04s,12990,71,4,0,0,0,Samsung,Exynos,2,5000,1,64
9i (6GB RAM + 128GB),14999,78,6,0,0,0,Realme,Snapdragon,2.4,5000,1,128
8 5G (8GB RAM + 128GB),18499,80,8,1,0,0,Realme,Dimensity,2.2,5000,1,128
F19,14990,78,6,0,0,0,OPPO,Snapdragon,2,5000,1,128
Find N2 Flip,70990,88,8,1,1,0,OPPO,Dimensity,3.2,4300,1,256
Galaxy M32 Prime Edition,12120,75,4,0,0,0,Samsung,Helio,2,6000,1,64
WP19,29990,84,8,0,1,0,Oukitel,Helio,2,21000,1,256
9 Pro 5G (8GB RAM + 128GB),20999,82,8,1,0,0,Realme,Snapdragon,2.2,5000,1,128
Redmi Note 10 Lite (6GB RAM + 128GB),11999,80,6,0,0,1,Xiaomi,Snapdragon,2.3,5020,1,128
Galaxy A13 5G,17990,73,4,1,1,0,Samsung,Dimensity,2.2,5000,1,64
Redmi Note 11 5G,14990,77,4,1,0,1,Xiaomi,Dimensity,2.4,5000,1,128
P36,6490,78.25824801,1,0,0,0,itel,Spreadtrum,1.3,5000,0,16
JioPhone 2,2999,78.25824801,6,0,0,0,Jio,Dual,1.3,2000,0,128
GT Neo 5,34999,83,8,1,1,0,Realme,Snapdragon,3.2,4600,1,128
iPhone 15 Ultra,149900,79,8,1,1,0,Apple,Bionic,3.2,4700,1,128
C50,6499,78.25824801,2,0,0,0,Poco,Helio,2,5000,1,32
Galaxy Note 30 Ultra 5G,104999,78.25824801,12,1,1,0,Samsung,Snapdragon,3.2,4500,1,256
9i (4GB RAM + 128GB),13999,75,4,0,0,0,Realme,Snapdragon,2.4,5000,1,128
Redmi Note 11T 5G,16999,79,6,1,0,1,Xiaomi,Dimensity,2.4,5000,1,64
X80 Pro 5G,79999,78.25824801,12,1,1,0,Vivo,Snapdragon,3,4700,1,256
Reno 6 Pro 5G,36760,87,12,1,1,0,OPPO,Dimensity,3,4500,1,256
Mi 11i 5G,23499,81,6,1,0,1,Xiaomi,Dimensity,2.5,5160,1,128
ROG Phone 7,75990,87,18,1,1,0,Asus,Snapdragon,3.2,6000,1,256
A77 5G,21990,76,6,1,0,0,Oppo,Snapdragon,2.4,5000,1,128
9 5G SE,18999,80,6,1,0,0,Realme,Snapdragon,2.4,5000,1,128
Galaxy A03,7249,66,3,0,0,0,Samsung,Unisoc,1.6,5000,1,32
Nord N200,16990,75,4,1,1,0,OnePlus,Snapdragon,2,5000,1,64
Mi 11X,23890,80,6,1,0,1,Xiaomi,Snapdragon,3.2,4520,1,128
Reno 6,26380,83,8,1,1,0,OPPO,Dimensity,2,4300,1,128
X50 Pro 5G (12GB RAM + 256GB),27999,87,12,1,1,0,Realme,Snapdragon,2.84,4200,1,256
Redmi 10A (6GB RAM + 128GB),10850,70,6,0,0,0,Xiaomi,Helio,2,5000,0,128
Note 12 Pro Speed Edition,19999,81,6,1,1,1,Redmi,Snapdragon,2.4,5000,1,128
iPhone 14 Pro (256GB),129990,76,6,1,1,0,Apple,Bionic,2.4,3200,1,256
Moto G72,19990,81,6,1,1,0,Motorola,Snapdragon,2.2,5000,1,128
Moto X30 Pro,41990,78.25824801,8,1,1,0,Motorola,Snapdragon,3.2,4450,1,128
12S Ultra,69990,78.25824801,8,1,1,1,Xiaomi,Snapdragon,3.2,4860,1,256
70 5G,39990,88,12,1,1,0,Honor,Snapdragon,2.5,4800,1,512
10 Pro 5G (12GB RAM + 512GB),74999,78.25824801,12,1,1,0,OnePlus,Snapdragon,3,5000,1,512
V23 Pro 5G (12GB RAM + 256GB),36994,87,12,1,0,0,Vivo,Dimensity,3,4300,1,256
A55 4G (6GB RAM + 128GB),14700,76,6,0,0,0,OPPO,Helio,2.3,5000,1,128
Mi 11T Pro 5G,34990,86,8,1,1,1,Xiaomi,Snapdragon,2.84,5000,1,128
X50 5G,34999,76,6,1,0,0,Nokia,Snapdragon,2.84,6000,1,64
Redmi Note 10,13990,75,4,0,0,1,Xiaomi,Snapdragon,2.2,5000,1,64
Signature Touch,650000,62,2,0,1,0,Vertu,Snapdragon,1.5,2275,0,64
Galaxy M32 Prime Edition (6GB RAM + 128GB),14859,79,6,0,0,0,Samsung,Helio,2,6000,1,128
Camon 19 Pro Mondrian Edition,17999,84,8,0,1,0,Tecno,Helio,2.05,5000,1,128
F5,34990,85,8,1,1,0,Poco,Snapdragon,3.2,4700,1,128
F91 5G,14990,85,8,1,1,0,BLU,Dimensity,2.4,5000,1,128
A16e,8999,65,3,0,0,0,OPPO,Helio,2,4230,0,32
Moto E32,8999,71,4,0,0,0,Motorola,Helio,2.3,5000,1,64
Redmi Note 11S (8GB RAM + 128GB),15824,84,8,0,0,1,Xiaomi,Helio,2.05,5000,1,128
iPhone SE 3 2022,43900,78.25824801,6,1,1,0,Apple,Bionic,3.22,4,0,128
Galaxy A52 (8GB RAM + 128GB),22494,86,8,0,0,0,Samsung,Snapdragon,2.3,4500,1,128
X3 Pro,19650,82,6,0,0,1,Poco,Snapdragon,2.96,5160,1,128
Redmi 9A,6999,61,2,0,0,0,Xiaomi,Helio,2,5000,0,32
Galaxy A32,16499,80,6,0,0,0,Samsung,Helio,2,5000,1,128
Moto G13,15999,75,4,0,1,0,Motorola,Helio,2,5000,1,128
ROG Phone 6 Batman Edition,72999,88,16,1,1,0,Asus,Dimensity,3.2,6000,1,256
Redmi Note 12 Pro Plus (6GB RAM + 128GB),26999,84,6,1,0,1,Xiaomi,Dimensity,2.6,4980,1,128
Smart 6 HD,6999,78.25824801,2,0,0,0,Infinix,Helio,2,5000,0,32
iPhone 15 Pro,130990,75,8,1,1,0,Apple,Bionic,2,6,0,128
C35 (4GB RAM + 128GB),12787,71,4,0,0,0,Realme,Tiger,1.8,5000,1,128
Hot 12,9999,72,4,0,0,0,Infinix,Helio,2.3,6000,1,64
X80 5G,54999,86,8,1,0,0,Vivo,Dimensity,3.05,4500,1,128
Y53s,15490,79,8,0,0,0,Vivo,Helio,2,5000,1,128
Phantom X,25999,84,8,0,0,0,Tecno,Helio,2.05,4700,1,256
Galaxy M04 (4GB RAM + 128GB),9499,68,4,0,0,0,Samsung,Helio,2.3,5000,1,128
12C,7999,70,4,0,0,0,Redmi,Helio,2,5000,0,64
ZenFone 9,63990,86,8,1,1,0,Asus,Snapdragon,3.2,4300,1,128
Xperia L5 5G,15990,73,4,0,1,0,Sony,Helio,2.3,4000,1,64
9 SE 5G (12GB RAM + 256GB),34949,85,12,1,1,0,iQOO,Snapdragon,2.84,4500,1,256
Spark 8 Pro,8799,72,4,0,0,0,Tecno,Helio,2,5000,1,64
Redmi 10 Prime,12390,74,4,0,0,1,Xiaomi,Helio,2,6000,1,64
Galaxy F22,11499,73,4,0,0,0,Samsung,Helio,2,6000,0,64
Mi Mix Alpha,199990,78.25824801,12,1,0,0,Xiaomi,Snapdragon,2.96,4050,1,512
Reno 10 Pro,42990,86,16,1,1,0,OPPO,Dimensity,3.05,5000,1,256
Z50,34999,82,8,1,1,0,Nubia,Snapdragon,3.2,5000,1,128
Galaxy F13 (4GB RAM + 128GB),11999,75,4,0,1,0,Samsung,Exynos,2,6000,1,128
G11 Plus,10499,70,4,0,0,0,Nokia,Unisoc,1.6,5000,1,64
Hot 12 Play,8910,66,4,0,0,0,Infinix,Tiger,1.82,6000,1,64
T2 5G,24990,85,8,1,0,0,Vivo,Snapdragon,3.2,4700,1,128
Reno7 Z 5G,17999,84,8,1,1,0,OPPO,Snapdragon,2.2,4500,1,128
Mi 11 Lite NE 5G (8GB RAM + 128GB),22999,86,8,1,1,1,Xiaomi,Snapdragon,2.4,4250,1,128
Narzo 50i,6490,78.25824801,2,0,0,0,Realme,Unisoc,1.6,5000,0,32
Zero X Pro,21990,85,8,1,0,0,Infinix,Helio,2.05,4500,1,128
110 4G,1762,78.25824801,6,0,0,0,Nokia,Dimensity,2.05,1020,0,128
Galaxy M32,12364,76,4,0,0,0,Samsung,Helio,2,6000,1,64
Galaxy A82 5G,39990,86,6,1,1,0,Samsung,Snapdragon,2.96,4500,1,128
Poco F1,11999,77,6,0,0,0,Xiaomi,Snapdragon,2.8,4000,1,64
Y25,7499,78.25824801,1,0,0,0,Vivo,Helio,1.3,1900,0,16
Earth 1,3990,60,3,0,0,0,Lyf,Snapdragon,1.5,3500,0,32
Moto E13,10499,65,2,0,0,0,Motorola,Tiger,2,5000,1,64
Pop 6 Pro,6299,78.25824801,2,0,0,0,Tecno,Helio,2,5000,0,32
A24 Pro,5990,78.25824801,2,0,0,0,Itel,Unisoc,1.4,3020,0,32
X Fold Plus,113990,78.25824801,12,1,1,0,Vivo,Snapdragon,3.2,4730,1,256
Mate 50 RS Porsche Design,239999,81,6,0,1,1,Huawei,Snapdragon,3.2,4700,1,128
Galaxy F63,21999,84,6,1,1,0,Samsung,Dimensity,2,7000,1,128
Z6 4G (6GB RAM + 128GB),15999,80,6,0,0,0,iQOO,Snapdragon,2.4,5000,1,128
8000 4G,6899,78.25824801,6,0,0,0,Nokia,Snapdragon,1.1,1500,0,128
Xperia 5 II,69990,86,8,1,1,0,Sony,Snapdragon,2.84,4000,1,128
Y3 (4GB RAM + 128GB),12990,71,4,0,0,0,Vivo,Helio,2.3,5000,1,128
Xperia 1 IV (12GB RAM + 512GB),92980,78.25824801,12,1,1,0,Sony,Snapdragon,3,5000,1,512
Pova 4 Pro,15999,74,8,0,0,0,Tecno,Helio,2.2,6000,1,256
Nova 10 SE,23999,84,8,0,1,0,Huawei,Sanpdragon,2.4,4500,1,256
T1x (4GB RAM + 128GB),12999,75,4,0,0,0,Vivo,Snapdragon,2.4,5000,1,128
Red Magic 7S Pro,60990,86,12,1,1,0,Nubia,Snapdragon,3.2,5000,1,256
Moto E32s (4GB RAM + 64GB),8859,67,4,0,0,0,Motorola,Helio,1.8,5000,1,64
Neo 6 5G (12GB RAM + 256GB),33749,84,12,1,0,1,iQOO,Snapdragon,3.2,4700,1,256
Galaxy A15,15990,63,6,0,0,0,Samsung,Snapdragon,3.2,5000,1,64
X4 GT 5G,24990,84,8,1,1,1,POCO,Dimensity,2.85,5080,1,128
Narzo 50 5G (4GB RAM + 128GB),14999,76,4,1,0,0,Realme,Dimensity,2.4,5000,1,128
Y77 5G,17990,76,6,1,0,0,Vivo,Dimensity,2.2,4500,1,128
60 SE 5G,24990,75,8,1,0,0,Honor,Dimensity,2,4300,1,128
Redmi 11 Prime,11600,74,4,0,0,1,Xiaomi,Helio,2.2,5000,1,64
C31,8299,62,3,0,0,0,Realme,Tiger,1.82,5000,0,32
Moto G31 (6GB RAM+ 128GB),11999,78,6,0,0,0,Motorola,Helio,2,5000,1,128
Galaxy Z Flip 4 5G,89999,88,8,1,1,0,Samsung,Snapdragon,3.2,3700,1,128
6 (8GB RAM + 128GB),27999,77,8,0,1,0,OnePlus,Snapdragon,2.8,3300,0,128
Pixel 2 XL,15990,69,4,0,1,0,Google,Snapdragon,2.35,3520,1,128
Redmi A1 Plus,7289,60,2,0,0,0,Xiaomi,Helio,2,5000,1,32
70 5G (8GB RAM + 256GB),30990,86,8,1,1,0,Honor,Snapdragon,2.5,4800,1,256
Narzo 50 (6GB RAM + 128GB),15499,77,6,0,0,0,Realme,Helio,2,5000,1,128
Y15s,8499,66,3,0,0,0,Vivo,Helio,2.3,5000,0,32
Galaxy M32 (6GB RAM + 128GB),14490,80,6,0,0,0,Samsung,Helio,2,6000,1,128
Galaxy F42 5G,15490,80,6,1,0,0,Samsung,Dimensity,2.2,5000,1,128
Q5 5G,14990,78,6,1,0,0,Realme,Snapdragon,2.2,5000,1,128
M3 Pro 5G,15999,75,4,1,0,1,POCO,Dimensity,2.2,5000,1,64
Pixel 5,36000,82,8,1,1,0,Google,Snapdragon,2.4,4080,1,128
12 Pro,69999,78.25824801,12,1,1,0,OnePlus,Snapdragon,3.2,4800,1,256
Redmi Note 12 Discovery Edition,26990,86,8,1,1,1,Xiaomi,Dimensity,2.6,4300,1,256
Galaxy M13 (4GB RAM + 64GB),10630,71,4,0,0,0,Samsung,Exynos,2,6000,1,64
Reno 8 Pro (8GB RAM + 256GB),42990,85,8,1,1,0,Oppo,Dimensity,2.85,4500,1,256
Y78 5G,24990,77,8,1,0,0,Vivo,Dimensity,3,4500,1,128
Z6 4G,14489,77,4,0,0,0,iQOO,Snapdragon,2.4,5000,1,128
A76,16490,73,6,0,0,0,OPPO,Snapdragon,2.4,5000,1,128
9 Pro Plus 5G (8GB RAM + 256GB),24494,82,8,1,0,0,Realme,Dimensity,2.5,4500,1,256
Y01,7999,61,2,0,0,0,Vivo,Helio,2.3,5000,0,32
Moto Edge S30 5G,23990,85,6,1,0,0,Motorola,Snapdragon,2.9,5000,1,128
GT 2 Pro 5G,49959,89,8,1,1,0,Realme,Snapdragon,3,5000,1,128
iPhone 13 Pro (256GB),129900,83,6,1,1,0,Apple,Bionic,3.22,3095,1,256
Y73 2021,19990,80,8,0,0,0,Vivo,Helio,2.05,4000,1,128
Galaxy F14,14990,67,4,0,1,0,Samsung,Snapdragon,2.05,5000,1,64
V20,23269,85,8,0,0,0,Vivo,Snapdragon,2.3,4000,1,128
Redmi Note 9 Pro,13999,75,4,0,0,1,Xiaomi,Snapdragon,2.3,5020,1,64
Guru Music 2 Dual Sim,1949,78.25824801,6,0,0,0,Samsung,Snapdragon,2.3,800,0,128
MagicX Pro,2799,78.25824801,6,0,0,0,Itel,Snapdragon,2.3,2500,0,128
10R Prime Edition,35389,85,8,1,1,0,OnePlus,Dimensity,2.85,5000,1,128
Pixel 6 Pro (12GB RAM + 256GB),79700,78.25824801,12,1,1,0,Google,Google,2.8,5003,1,256
C31,9499,62,3,0,0,0,Nokia,Unisoc,1.6,5050,1,32
Hot 12 Pro (8GB RAM+ 128GB),12340,76,8,0,0,0,Infinix,Tiger,2,5000,1,128
M5,10799,74,4,0,0,1,Poco,Helio,2.2,5000,1,64
Redmi 10C (4GB RAM + 128GB),14990,73,4,0,0,0,Xiaomi,Snapdragon,2.4,6000,1,128
Axon 40 Ultra 5G,61990,89,8,1,1,0,ZTE,Snapdragon,3,5000,1,128
12 Pro 5G (12GB RAM + 256GB),51880,78.25824801,12,1,1,1,Xiaomi,Snapdragon,3,4600,1,256
K10 (8GB RAM + 128GB),16990,80,8,0,0,0,OPPO,Snapdragon,2.4,5000,1,128
Nova 9 SE,19990,84,8,0,1,0,Huawei,Snapdragon,2.4,4000,1,128
Galaxy S22 5G (8GB RAM + 256GB),57999,87,8,1,1,0,Samsung,Snapdragon,3,3700,1,256
Legion Y90,46990,87,12,1,1,0,Lenovo,Snapdragon,3,5600,1,256
Y55 5G,20990,77,4,1,1,0,Vivo,Dimensity,2.2,5000,1,128
X100 5G,17990,82,6,1,1,0,Nokia,Snapdragon,2,4470,1,128
8s 5G (8GB RAM + 128GB),17499,82,8,1,0,0,Realme,Dimensity,2.4,5000,1,128
8s 5G,17999,80,6,1,0,0,Realme,Dimensity,2.4,5000,1,128
X60 Pro 5G,49990,78.25824801,8,1,0,0,Nokia,Snapdragon,3.2,6000,1,128
Magic 2 4G,2399,78.25824801,6,0,0,0,itel,Snapdragon,3.2,64,0,128
X5,14999,74,4,1,0,1,Poco,Snapdragon,2.2,5000,1,128
Redmi Note 10 Pro Max (6GB RAM + 128GB),19980,82,6,0,0,1,Xiaomi,Snapdragon,2.3,5020,1,128
7 (12GB RAM + 256GB),35990,85,12,1,1,0,iQOO,Snapdragon,3.2,4400,1,256
8,15999,78,4,0,0,0,Realme,Helio,2,5000,1,128
Galaxy S20,41999,88,8,0,1,0,Samsung,Exynos,2.73,4000,1,128
Redmi K60E,25999,83,8,1,1,1,Xiaomi,Dimensity,3.1,5500,1,128
Moto E32s,7990,65,3,0,0,0,Motorola,Helio,1.8,5000,1,32
Nord 3T 5G,29990,84,8,1,1,0,OnePlus,Dimensity,3,4500,1,128
F23 Pro Plus 5G,27990,83,8,1,0,0,OPPO,Snapdragon,2.36,4500,1,128
F5 Pro,29999,84,8,1,1,1,Poco,Snapdragon,3.2,5500,1,128
A16e (4GB RAM + 64GB),8999,68,4,0,0,0,OPPO,Helio,2,4230,0,64
M4 Pro 4G (8GB RAM + 128GB),13999,81,8,0,0,1,POCO,Helio,2.05,5000,1,128
Narzo 50A,11499,71,4,0,0,0,Realme,Helio,2,6000,1,64
ROG Phone 5s 5G,39999,87,8,1,1,0,Asus,Snapdragon,2.9,6000,1,128
GT Master Edition 5G,27999,84,8,1,1,0,Realme,Snapdragon,2.4,4300,1,128
Galaxy A32 5G,24499,79,6,1,1,0,Samsung,Dimensity,2,5000,1,128
Red Magic 8 Pro Plus,60999,86,12,1,1,0,Nubia,Snapdragon,3.2,5000,1,256
Galaxy Z Fold 3,110999,89,12,1,1,0,Samsung,Snapdragon,2.84,4400,1,256
Wing 5G,54999,89,8,1,1,0,LG,Snapdragon,2.4,4000,1,128
Redmi Note 9 Pro Max,16490,80,6,0,0,1,Xiaomi,Snapdragon,2.3,5020,1,64
Galaxy A52,24990,83,6,0,0,0,Samsung,Snapdragon,2.3,4500,1,128
105 (2019),1299,78.25824801,6,0,0,0,Nokia,Snapdragon,2.3,800,0,128
Y71,25000,78.25824801,3,0,0,0,Vivo,Snapdragon,1.4,3360,0,16
C459,1999,78.25824801,1,0,0,0,Lyf,Snapdragon,1.1,2000,0,8
Galaxy A04e (3GB RAM + 64GB),9950,66,3,0,0,0,Samsung,Helio,2.3,5000,0,64
A56s,12999,75,8,1,0,0,Oppo,Dimensity,2.4,5000,0,128
Reno 8T 4G,19999,83,8,0,1,0,Oppo,Helio,2.2,5000,1,256
Reno 10,32999,84,8,1,1,0,OPPO,Snapdragon,2.5,5000,1,256
G60,28498,81,6,1,1,0,Nokia,Snapdragon,2.2,4500,1,128
A77 (4GB RAM + 128 GB),15998,71,4,0,0,0,OPPO,Helio,2.3,5000,1,128
8210 4G,3749,78.25824801,6,0,0,0,Nokia,Dimensity,2.3,48,0,128
Edge 40 Pro 5G,59990,89,8,1,1,0,Motorola,Snapdragon,3.2,4800,1,128
K10x 5G,16990,78,6,1,0,0,Oppo,Snapdragon,2.2,5000,1,128
Z6 Pro 5G (12GB RAM + 256GB),27999,82,12,1,0,0,iQOO,Snapdragon,2.4,4700,1,256
G21 (6GB RAM + 128GB),13499,75,6,0,0,0,Nokia,Unisoc,1.6,5050,1,128
Galaxy A13 (6GB RAM + 128GB),16499,78,6,0,0,0,Samsung,Helio,1.6,5000,1,128
A16K (4GB RAM + 64GB),10999,66,4,0,0,0,OPPO,Helio,2.3,4230,0,64
Redmi 10C,13990,71,4,0,0,0,Xiaomi,Snapdragon,2.4,6000,1,64
Spark 9 Pro,9999,74,4,0,0,0,Tecno,Helio,2,5000,1,64
GT Neo 3 5G,31994,83,8,1,1,0,Realme,Dimensity,2.85,5000,1,128
11i HyperCharge 5G,24820,83,6,1,0,1,Xiaomi,Dimensity,2.5,4500,1,128
Neo 6 SE 5G,22990,83,8,1,0,0,iQOO,Snapdragon,3.2,4700,1,128
9 Pro 5G,59990,88,8,1,1,0,iQOO,Snapdragon,3,4700,1,256
Narzo 50i (4GB RAM + 64GB),8999,62,4,0,0,0,Realme,Unisoc,1.6,5000,0,64
Redmi 9 Activ (6GB RAM + 128GB),10499,72,6,0,0,0,Xiaomi,Helio,2.3,5000,0,128
JioPhone Next (3GB RAM + 32GB),7499,78.25824801,3,0,0,0,Jio,Snapdragon,1.3,3000,0,32
Redmi Note 8 2021,9990,75,4,0,0,1,Xiaomi,Helio,2,4000,1,64
Redmi Note 10 5G,12490,76,4,1,0,1,Xiaomi,Dimensity,2.2,5000,1,128
Y20G,13990,69,4,0,0,0,Vivo,Helio,2,5000,1,64
Galaxy A22 5G,17990,79,6,1,0,0,Samsung,Dimensity,2.2,5000,1,128
V21,24999,83,8,0,0,0,Vivo,Dimensity,2.4,4000,1,128
7 Pro (8GB RAM + 128GB),21999,85,8,0,0,0,Realme,Snapdragon,2.3,4500,1,128
Nord Lite,19999,77,8,0,0,0,OnePlus,Snapdragon,2,4300,1,128
Galaxy S20 Ultra 5G,99999,78.25824801,12,1,1,0,Samsung,Exynos,2.73,5000,1,128
iPhone 11 Pro Max,109900,77,4,0,1,0,Apple,A13,2.65,3500,1,64
iPhone 7s,52990,78.25824801,3,0,0,0,Apple,Fusion,2.37,2230,0,32
Achhe Din,99,78.25824801,6,0,0,0,Namotel,Snapdragon,2.37,4,0,128
Xperia Ace IV,19990,80,8,0,1,0,Sony,Snapdragon,2,5000,1,128
Galaxy A04e (4GB RAM + 128GB),11499,69,4,0,0,0,Samsung,Helio,2.3,5000,0,128
U1 5605N,699,78.25824801,6,0,0,0,Eunity,Snapdragon,2.3,32,0,128
Redmi Note 12 4G,13999,75,4,0,0,1,Xiaomi,Helio,2.2,5000,1,64
WP21,22990,82,12,0,0,0,Oukitel,Helio,2.2,9800,1,256
V28,28990,84,8,1,0,0,Vivo,Snapdragon,2.2,5000,1,256
F4 5G (8GB RAM + 128GB),27999,85,8,1,1,0,Poco,Snapdragon,3.2,4500,1,128
Redmi Note 11T Pro 5G,19990,82,6,1,1,1,Xiaomi,Dimensity,2.85,5080,1,128
Narzo 50 Pro 5G (8GB RAM + 128GB),22999,83,8,1,0,0,Realme,Dimensity,2.5,5000,1,128
T1 44W (8GB RAM + 128GB),17999,82,8,0,0,0,Vivo,Snapdragon,2.4,5000,1,128
Redmi Note 11S (6GB RAM + 128GB),15499,81,6,0,0,1,Xiaomi,Helio,2.05,5000,1,128
Agni 5G,17990,84,8,1,0,0,Lava,Dimensity,2.4,5000,1,128
8i (6GB RAM + 128GB),13999,77,6,0,0,0,Realme,Helio,2.05,5000,1,128
A55 4G,13499,73,4,0,0,0,OPPO,Helio,2.3,5000,1,64
M3 Pro 5G (6GB RAM + 128GB),14799,79,6,1,0,1,POCO,Dimensity,2.2,5000,1,128
C21Y,6999,62,3,0,0,0,Realme,Unisoc,1.8,5000,0,32
A16,11999,69,4,0,0,0,OPPO,Helio,2.3,5000,0,64
V21 5G,23994,85,8,1,0,0,Vivo,Dimensity,2.4,4000,1,128
225 4G,3589,78.25824801,6,0,0,0,Nokia,Unisoc,2.4,1150,0,128
iPhone 12 Pro (512GB),139900,80,6,1,1,0,Apple,Bionic,3.1,6,0,512
Xperia 1 II,69999,89,8,1,1,0,Sony,Snapdragon,2.84,4000,1,256
Edge Plus,57999,89,12,1,1,0,Motorola,Snapdragon,2.84,5000,1,256
Galaxy Note 20,86000,87,8,0,1,0,Samsung,Exynos,2.73,4300,1,256
Galaxy A12,11999,71,4,0,0,0,Samsung,Helio,2.3,5000,1,64
Redmi Note 12 Pro 4G,14999,77,6,0,1,1,Xiaomi,Snapdragon,2.3,5000,1,128
GT Neo 3T (8GB RAM + 128GB),26499,81,8,1,0,0,Realme,Snapdragon,3.2,5000,1,128
C30s (4GB RAM + 64GB),8990,62,4,0,0,0,Realme,Unisoc,1.6,5000,1,64
iPhone 14 (512GB),95999,82,6,1,1,0,Apple,Bionic,3.22,3279,1,512
9T 5G,47990,85,8,1,1,1,iQOO,Snapdragon,3.2,4700,1,128
Camon 19 Pro,17990,81,8,0,0,0,Tecno,Helio,2.05,5000,1,128
Nord 2 Lite 5G,22999,83,8,1,1,0,OnePlus,Snapdragon,2.2,5000,1,128
105 Plus,1299,78.25824801,6,0,0,0,Nokia,Snapdragon,2.2,1,0,128
Galaxy S22 Ultra 5G (8GB RAM + 128GB),99990,78.25824801,8,1,1,0,Samsung,Snapdragon,3,5000,1,128
F4 GT 5G,39999,86,8,1,1,1,POCO,Snapdragon,3,4700,1,128
11T Pro 5G (12GB RAM + 256GB),38999,88,12,1,1,1,Xiaomi,Snapdragon,2.84,5000,1,256
Y10,12490,63,4,0,0,0,Vivo,Helio,2.3,5000,0,128
2760 Flip,5490,78.25824801,6,0,0,0,Nokia,Snapdragon,2.3,5,0,128
Galaxy A83 5G,39990,86,6,1,1,0,Samsung,Snapdragon,3.2,4500,1,128
Moto A10,1339,78.25824801,6,0,0,0,Motorola,Snapdragon,3.2,1,0,128
Y33s,16685,80,8,0,0,0,Vivo,Helio,2,5000,1,128
Mate 40 Pro 4G,69990,78.25824801,8,0,1,1,Huawei,Dimensity,3.13,4400,1,128
IN 2B,6999,66,4,0,0,0,Micromax,Unisoc,1.8,5000,0,64
ROG Phone 6,71999,86,12,1,1,0,Asus,Snapdragon,3.2,6000,1,256
X7 Max,26999,84,8,1,1,0,Realme,Dimensity,3,4500,1,128
8 5G,16499,75,4,1,0,0,Realme,Dimensity,2.2,5000,1,128
A55 5G,17990,74,6,1,0,0,OPPO,Dimensity,2.2,5000,0,128
Redmi 9,8999,68,4,0,0,0,Xiaomi,Helio,2.3,5000,0,64
iPhone SE 2020,39900,63,3,0,1,0,Apple,A13,2.65,1821,1,64
Tiny T1,2799,78.25824801,6,0,0,0,Zanco,Snapdragon,2.65,0,0,128
Y1 Pro Plus,5999,60,6,0,0,0,Letv,Tiger,1.8,4000,1,64
Nord 5,34999,76,8,1,1,0,OnePlus,Dimensity,1.8,5000,1,128
Y73T,16990,77,8,1,0,0,Vivo,Dimensity,2,6000,1,128
Reno 9 Z,22990,84,8,1,1,0,OPPO,Snapdragon,2.2,4800,1,128
V25e,19990,84,8,0,0,0,Vivo,Helio,2.2,4500,1,256
Hot 12 Pro,10850,74,6,0,0,0,Infinix,Tiger,2,5000,1,64
Narzo 50 5G (4GB RAM + 64GB),13499,75,4,1,0,0,Realme,Dimensity,2.4,5000,1,64
it2163S,958,78.25824801,6,0,0,0,itel,Snapdragon,2.4,1,0,128
Vision 3,6699,61,3,0,0,0,itel,Unisoc,1.6,5000,1,64
A96 4G,17999,80,8,0,0,0,OPPO,Snapdragon,2.4,5000,1,128
Redmi Note 11E 5G,13990,69,4,1,0,1,Xiaomi,Dimensity,2.2,5000,1,128
Magic 4 Pro Plus 5G,94990,78.25824801,12,1,1,0,Honor,Snapdragon,3,4600,1,512
Spark 9T,8968,72,4,0,0,0,Tecno,Helio,2.3,5000,1,64
Smart 6,7320,60,2,0,0,0,Infinix,Helio,2,5000,0,64
C25Y (4GB RAM + 64GB),8999,69,4,0,0,0,Realme,Tiger,1.8,5000,1,64
Galaxy A12 (6GB RAM + 128GB),13999,75,6,0,0,0,Samsung,Helio,2.3,5000,1,128
Camon 19,14746,79,6,0,1,0,Tecno,Helio,2,5000,1,128
Redmi Note 10 Pro 5G,16999,83,6,1,1,1,Xiaomi,Dimensity,2.6,5000,1,128
Mi 11X 5G (8GB RAM + 128GB),25990,83,8,1,0,1,Xiaomi,Snapdragon,3.2,4520,1,128
Redmi Note 10 (6GB RAM + 128GB),16499,78,6,0,0,1,Xiaomi,Snapdragon,2.2,5000,1,128
Redmi Note 10 Pro Max,19999,81,6,0,0,1,Xiaomi,Snapdragon,2.3,5020,1,64
Mi 10T 5G,23500,80,6,1,1,0,Xiaomi,Snapdragon,2.84,5000,1,128
Velvet 5G,54999,85,6,1,1,0,LG,Snapdragon,2.4,4300,1,128
One Fusion Plus,19499,80,6,0,0,0,Motorola,Snapdragon,2.2,5000,1,128
V60 ThinQ,79990,78.25824801,8,1,1,0,LG,Snapdragon,2.84,5000,1,128
Galaxy Note 10 Lite,39999,83,6,0,1,0,Samsung,Exynos,2.7,4500,1,128
Galaxy Note 10 Plus 5G,92999,89,12,1,1,1,Samsung,Exynos,2.7,4300,1,256
Qin 1,1799,78.25824801,6,0,0,0,Xiaomi,Helio,2.7,1480,0,128
Neo 7 Racing Edition,32990,84,8,1,1,1,iQOO,Snapdragon,3.2,5000,1,256
Galaxy A04s (4GB RAM + 128GB),14499,72,4,0,0,0,Samsung,Exynos,2,5000,1,128
Y35 5G,13999,70,4,1,0,0,Vivo,Dimensity,2.2,5000,1,128
Y02 (2GB RAM + 32GB),7999,78.25824801,2,0,0,0,Vivo,Helio,2.2,5000,1,32
Vision 3 (2GB RAM + 32GB),5785,78.25824801,2,0,0,0,itel,Unisoc,1.6,5000,1,32
Redmi Note 11R,12990,73,4,1,0,1,Xiaomi,Dimensity,2.2,5000,1,128
M6 Pro,19990,84,8,1,0,1,Poco,Dimensity,2.5,5100,1,128
A97 5G,23990,79,12,1,0,0,OPPO,Dimensity,2.4,5000,1,256
Galaxy A24,17999,77,6,0,0,0,Samsung,Exynos,1.8,4000,1,64
Note 13 Pro,16999,80,6,0,0,0,Infinix,Helio,2.2,5000,1,128
Play 30,9999,68,4,1,0,0,Honor,Snapdragon,2.2,5000,0,128
Smart 6 Plus,8299,63,3,0,0,0,Infinix,Helio,2,5000,0,64
Xperia 5 IV 5G,82199,89,8,1,1,0,Sony,Snapdragon,3,5000,1,256
Z40 Pro 5G,49990,84,8,1,1,0,Nubia,Snapdragon,3,5000,1,128
G21,11999,71,4,0,0,0,Nokia,Unisoc,1.6,5050,1,64
12 Lite 5G,29990,82,6,1,1,0,Xiaomi,Snapdragon,2.4,4300,1,128
Find N 5G,92249,78.25824801,8,1,1,0,Oppo,Snapdragon,2.84,4500,1,256
iPhone 13 Pro Max (256GB),139900,84,6,1,1,0,Apple,Bionic,3.22,4352,1,256
Y21s,14990,74,4,0,0,0,Vivo,Helio,2,5000,1,128
F19s,15988,79,6,0,0,0,OPPO,Snapdragon,2,5000,1,128
Galaxy M21 2021,11725,76,4,0,0,0,Samsung,Exynos,2.3,6000,1,64
F19 Pro,17994,80,8,0,0,0,OPPO,Helio,2.2,4310,1,128
X 2021,134999,86,8,0,0,0,OPPO,Snapdragon,2.84,4000,1,256
Nord N10,25595,81,6,1,1,0,OnePlus,Snapdragon,2,4300,1,128
M12 Pro,7499,67,6,0,0,0,Gionee,Helio,1.99,4000,0,128
M2,10890,74,6,0,0,1,Poco,Helio,2,5000,1,64
F17 Pro,18990,83,8,0,0,0,OPPO,Helio,2.2,4015,1,128
Moto G 5G,19990,82,6,1,1,0,Motorola,Snapdragon,2.2,5000,1,128
Galaxy A50s,15990,80,4,0,1,0,Samsung,Exynos,2.3,4000,1,128
Galaxy Note 10 Plus,58999,89,12,0,1,0,Samsung,Exynos,2.73,4300,1,256
Y15,12500,71,4,0,0,0,Vivo,Helio,2,5000,0,64
S1 Pro,29999,82,8,0,0,0,Vivo,Snapdragon,2,4500,1,128
T3 Pro,31990,86,8,1,0,0,Vivo,Snapdragon,2.7,4700,1,256
V21s,29999,86,8,1,1,0,Vivo,Dimensity,2.4,4000,1,128
ROG Phone 6D Ultimate,107990,78.25824801,16,1,1,0,Asus,Dimensity,3.2,6000,1,512
Moto Edge 30 Neo,31990,84,8,1,1,0,Motorola,Snapdragon,2.2,4020,1,128
12T,48990,87,8,1,1,1,Xiaomi,Dimensity,2.85,5000,1,128
Mate 50 Pro 5G,99990,85,8,1,1,0,Huawei,Dimensity,3.13,4500,1,256
C32,9499,65,4,0,0,0,Realme,Tiger,1.82,5000,0,64
Mate Xs 2,162990,89,8,0,1,1,Huawei,Snapdragon,2.84,4600,1,512
Z7 Pro 5G,24999,80,6,1,0,0,iQOO,Snapdragon,2.36,5000,1,128
iPhone 15,82990,72,6,0,1,0,Apple,Bionic,2.36,3285,1,128
Note 11S (8GB RAM + 128GB),15999,79,8,0,0,0,Infinix,Helio,2.05,5000,1,128
Spark 8 (4GB RAM + 64GB),8999,64,4,0,0,0,Tecno,Helio,1.8,5000,0,64
A56 5G,17990,73,6,1,0,0,Oppo,Dimensity,2.2,5000,0,128
X80 Pro Plus 5G,82990,78.25824801,12,1,1,0,Vivo,Snapdragon,3.2,4500,1,256
Redmi 10 Prime (6GB RAM + 128GB),12999,77,6,0,0,1,Xiaomi,Helio,2,6000,1,128
Nova 9,29990,83,8,0,1,0,Huawei,Snapdragon,2.4,4300,1,128
Pop 5 Go,6999,78.25824801,1,0,0,0,Tecno,Spreadtrum,1.3,4000,0,16
P50 Pro 4G,60999,78.25824801,8,0,1,1,Huawei,Snapdragon,2.84,4360,1,256
Redmi K50 5G,27990,83,8,1,1,1,Xiaomi,Dimensity,2.85,5500,1,128
C01 Plus,5249,78.25824801,2,0,0,0,Nokia,Unisoc,1.6,3000,0,16
Q3,14999,80,6,1,0,0,Realme,Snapdragon,2.2,5000,1,128
Reno 6 Pro Plus 5G,44990,87,8,1,1,0,OPPO,Snapdragon,3.2,4500,1,128
Edge S,22490,87,6,1,1,0,Motorola,Snapdragon,3.2,5000,1,128
Find X3 Pro,50990,78.25824801,12,1,1,0,Oppo,Snapdragon,2.84,4500,1,256
M3,11499,75,6,0,0,1,Poco,Snapdragon,2,6000,1,64
S16,5990,78.25824801,1,0,0,0,itel,Unisoc,1.3,4000,0,16
V20 Pro,27000,84,8,1,0,0,Vivo,Snapdragon,2.4,4000,1,128
Mi 10T Pro 5G,29999,86,8,1,1,1,Xiaomi,Snapdragon,2.84,5000,1,128
V19 (8GB RAM + 256GB),27990,84,8,0,0,0,Vivo,Snapdragon,2.3,4500,1,256
400 4G,3290,78.25824801,6,0,0,0,Nokia,Snapdragon,2.3,0,0,128
Galaxy S20 5G,74999,89,8,1,1,0,Samsung,Exynos,2.73,4000,1,128
U3,9990,72,4,0,0,0,Vivo,Snapdragon,2,5000,1,64
K5 (8GB RAM + 128GB),19990,82,8,0,0,0,Oppo,Snapdragon,2.2,4000,1,128
XT,13279,75,4,0,0,0,Realme,Snapdragon,2.3,4000,1,64
Y12 (3GB RAM + 64GB),11000,68,3,0,0,0,Vivo,Helio,2,5000,0,64
iPod Touch (7th Gen),18900,78.25824801,6,0,0,0,Apple,Snapdragon,2,8,0,128
Poco F1 (6GB RAM + 128GB),12999,78,6,0,0,0,Xiaomi,Snapdragon,2.8,4000,1,128
C50 (3GB RAM + 32GB),7299,61,3,0,0,0,Poco,Helio,2,5000,1,32
KU3i,995,78.25824801,6,0,0,0,Karbonn,Snapdragon,2,1,0,128
Z19,7999,61,4,0,0,0,iKall,Snapdragon,2,5000,0,32
Redmi K60 Gaming Edition,54990,86,8,1,1,1,Xiaomi,Snapdragon,3.2,5000,1,128
S17 Pro,49990,77,12,1,1,0,Vivo,Dimensity,3.2,5000,1,256
80 Pro Plus,54990,78.25824801,12,1,1,0,Honor,Snapdragon,3,4500,1,256
iPhone SE 4,49990,60,6,1,1,0,Apple,Bionic,3.22,6,0,128
Pova Neo 5G,15499,71,4,0,0,0,Tecno,Dimensity,2.4,6000,1,128
iPhone 14 Pro Max (512GB),169900,78,6,1,1,0,Apple,Bionic,2.4,4323,1,512
Pixel 8,53990,75,8,1,1,0,Google,Google,2.4,4830,1,128
T2x 5G,18990,80,8,1,0,0,Vivo,Dimensity,3,6000,1,128
Moto G52 5G,16999,76,4,1,1,0,Motorola,Snapdragon,2.2,5000,1,64
Edge 40 5G,34999,86,8,1,1,0,Motorola,Snapdragon,2.36,4200,1,128
X Note 5G (12GB RAM + 512GB),82990,78.25824801,12,1,1,1,Vivo,Snapdragon,3,5000,1,512
GT 2 Pro 5G (12GB RAM + 256GB),46999,89,12,1,1,0,Realme,Snapdragon,3,5000,1,256
Y15C,8499,66,3,0,0,0,Vivo,Helio,2.3,5000,0,32
X8,16999,76,6,0,0,0,Honor,Snapdragon,2.4,4000,1,128
Galaxy A03 (4GB RAM + 64GB),11499,69,4,0,0,0,Samsung,Unisoc,1.6,5000,1,64
Galaxy S22 Plus 5G (8GB RAM + 256GB),88999,88,8,1,1,0,Samsung,Snapdragon,3,4500,1,256
Y33T,15990,81,8,0,0,0,Vivo,Snapdragon,2.4,5000,1,128
11i 5G (8GB RAM + 128GB),24990,83,8,1,0,1,Xiaomi,Dimensity,2.5,5160,1,128
Find X5 Pro 5G,79990,78.25824801,8,1,1,0,Oppo,Snapdragon,3,5000,1,256
Spark Go 2022,6249,61,2,0,0,0,Tecno,Snapdragon,3,5000,0,32
Y21e,12499,69,3,0,0,0,Vivo,Snapdragon,2.4,5000,1,64
Redmi 9A Sport,6499,61,2,0,0,0,Xiaomi,Helio,2,5000,0,32
iPhone 13 Pro Max (1TB),179900,86,6,1,1,0,Apple,Bionic,3.22,4352,1,128
Y12G (3GB RAM + 64GB),11990,68,3,0,0,0,Vivo,Snapdragon,2,5000,0,64
V23e,26990,82,8,0,0,0,Vivo,Helio,2.05,4050,1,128
Galaxy F22 (6GB RAM + 128GB),13499,76,6,0,0,0,Samsung,Helio,2,6000,0,128
12 Ultra 5G,75999,78.25824801,12,1,1,1,Xiaomi,Snapdragon,3.2,4800,1,256
IN 2C,5999,60,3,0,0,0,Micromax,Tiger,1.8,5000,0,32
Galaxy A03s,8499,67,3,0,0,0,Samsung,Helio,2.3,5000,1,32
A54 (4GB RAM + 128GB),11990,71,4,0,0,0,OPPO,Helio,2.3,5000,1,128
Redmi 20X,10990,77,4,1,0,1,Xiaomi,Dimensity,2.2,5000,1,128
Mi Mix Fold,109990,78.25824801,12,1,1,1,Xiaomi,Snapdragon,2.84,5020,1,256
Narzo 30 5G,16999,80,6,1,1,0,Realme,Dimensity,2.2,5000,1,128
A54,12199,70,4,0,0,0,OPPO,Helio,2.3,5000,1,64
A15s (4GB RAM + 128GB),11490,72,4,0,0,0,Oppo,Helio,2.3,4230,0,128
A56,5490,78.25824801,1,0,0,0,itel,Dimensity,2.3,4000,0,16
Redmi 9 Power,11499,74,4,0,0,1,Xiaomi,Snapdragon,2,6000,1,64
Galaxy S21 Plus,59450,88,8,1,1,0,Samsung,Exynos,2.9,4800,1,128
M2 Pro,12799,76,4,0,0,1,POCO,Snapdragon,2.3,5000,1,64
Galaxy S20 Plus,83000,88,8,0,1,0,Samsung,Exynos,2.73,4500,1,128
6 Pro,14490,80,6,0,0,0,Realme,Snapdragon,2.3,4300,1,64
P40 Pro,82990,78.25824801,8,1,1,0,Huawei,Dimensity,2.86,4200,1,256
Y11 (2019),9490,64,3,0,0,0,Vivo,Snapdragon,2,5000,0,32
V15 Pro (8GB RAM +128GB),25000,78,8,0,0,0,Vivo,Snapdragon,2,3700,1,128
Y95,15000,65,4,0,0,0,Vivo,Snapdragon,1.95,4030,0,64
V11i,20990,70,4,0,0,0,Vivo,Helio,2,3315,0,128
Galaxy S9 Plus (128GB),34999,78,6,0,1,0,Samsung,Exynos,2.8,3500,1,128
GT Neo 4T,29999,80,8,1,0,0,Realme,Snapdragon,3,5000,1,128
Y53t,11999,67,4,1,0,0,Vivo,Dimensity,2,6000,1,128
Galaxy A04 (4GB RAM + 128GB),12999,72,4,0,0,0,Samsung,Helio,2.3,5000,1,128
Phone 2,124990,89,12,1,1,0,Leitz,Snapdragon,3,5000,1,256
Redmi K60i,28999,85,8,1,0,1,Xiaomi,Dimensity,3.1,5080,1,128
Hot 20S,12999,77,8,0,0,0,Infinix,Helio,2.05,5000,1,128
GT Neo 3T (8GB RAM + 256GB),28499,82,8,1,0,0,Realme,Snapdragon,3.2,5000,1,256
iPhone 14 Plus (512GB),104999,83,6,1,1,0,Apple,Bionic,3.22,4325,1,512
iPhone 14 Pro (1TB),172999,77,6,1,1,0,Apple,Bionic,3.22,3200,1,128
Redmi 13 Prime 5G,17990,79,6,1,0,1,Xiaomi,Snapdragon,2,5100,1,128
Redmi 11 Prime (6GB RAM + 128GB),13774,76,6,0,0,1,Xiaomi,Helio,2.2,5000,1,128
Magic X,2239,78.25824801,6,0,0,0,itel,Snapdragon,2.2,48,0,128
C21 Plus (4GB RAM + 64GB),8999,64,4,0,0,0,Nokia,Unisoc,1.6,5050,0,64
Nord N300,18990,75,4,1,1,0,OnePlus,Dimensity,2.4,5000,1,64
Camon 19 Neo,14999,77,6,0,1,0,Tecno,Helio,2,5000,1,128
Narzo 50i Prime,7999,61,3,0,0,0,Realme,Tiger,1.82,5000,1,32
Redmi K50 Ultra 5G,39999,85,8,1,1,1,Xiaomi,Snapdragon,3.2,5000,1,128
A57 4G,11990,67,3,0,0,0,OPPO,Helio,2.3,5000,1,64
Note 12 (6GB RAM + 128GB),12999,77,6,0,0,0,Infinix,Helio,2,5000,1,128
Galaxy S23 FE 5G,54999,77,8,1,1,0,Samsung,Helio,2,4500,1,128
Galaxy M51s 5G,24990,72,6,1,0,0,Samsung,Snapdragon,2,6000,1,128
X80 5G (12GB RAM + 256GB),59999,88,12,1,0,0,Vivo,Dimensity,3.05,4500,1,256
X6 Pro 5G,19999,72,6,1,0,0,Poco,Snapdragon,3.05,5000,1,128
Note 12 (G96),16999,79,8,0,0,0,Infinix,Helio,2.05,5000,1,128
Galaxy M14,14999,60,4,0,0,0,Samsung,Exynos,2.05,6000,0,64
T2 Pro 5G,29990,76,8,1,0,0,Vivo,Snapdragon,2.05,4500,1,128
Redmi 10 Prime Plus 5G,13990,69,4,1,0,1,Xiaomi,Dimensity,2.2,5000,1,128
Redmi Note 11 Pro 4G,17999,81,6,0,0,1,Xiaomi,Helio,2.05,5000,1,128
Narzo 50A Prime,11399,73,4,0,0,0,Realme,Tiger,1.82,5000,1,64
U1 King,599,78.25824801,6,0,0,0,Eunity,Snapdragon,1.82,1000,0,128
Y55s 5G,19990,79,8,1,0,0,Vivo,Dimensity,2.2,6000,1,128
Y21T,15499,74,4,0,0,0,Vivo,Snapdragon,2.4,5000,1,128
K10,6999,78.25824801,3,0,0,0,Gionee,Tiger,2,4800,0,32
Redmi Note 10 Lite (4GB RAM + 128GB),12499,77,4,0,0,1,Xiaomi,Snapdragon,2.3,5020,1,128
iPhone 13 (512GB),91999,80,4,1,1,0,Apple,Bionic,3.22,3240,1,512
Hot 11S,9690,71,4,0,0,0,Infinix,Helio,2,5000,0,64
GT Explorer Master Edition,32990,85,8,1,1,0,Realme,Snapdragon,3.2,4500,1,128
Mi 12 5G,42990,87,8,1,1,1,Xiaomi,Snapdragon,3,4500,1,128
S22 Flip,14999,78.25824801,2,0,0,0,CAT,Snapdragon,1.3,2000,0,16
Mi 11 Lite (8GB RAM + 128GB),18699,82,8,0,0,1,Xiaomi,Snapdragon,2.3,4250,1,128
Star 500,1749,78.25824801,6,0,0,0,DIZO,Snapdragon,2.3,1900,0,128
Q3i 5G,10990,76,4,1,0,0,Realme,Dimensity,2.2,5000,1,128
Mi 11X Pro,30990,85,8,1,0,1,Xiaomi,Snapdragon,2.84,4520,1,128
Legion Pro 2,59999,89,16,1,1,0,Lenovo,Snapdragon,2.84,5000,1,512
Galaxy M62,23999,83,6,0,1,0,Samsung,Exynos,2.73,7000,1,128
Q2i,9999,69,4,1,0,0,Realme,Dimensity,2,5000,1,128
215 4G,3099,78.25824801,6,0,0,0,Nokia,Unisoc,2,1150,0,128
iPhone 12 Pro (256GB),119900,80,6,1,1,0,Apple,Bionic,3.1,6,0,256
Redmi 9i (4GB RAM + 128GB),9299,67,4,0,0,0,Xiaomi,Helio,2,5000,1,128
6 (6GB RAM + 64GB),12989,77,6,0,0,0,Realme,Helio,2.05,4300,1,64
Galaxy A01 Core,4999,78.25824801,1,0,0,0,Samsung,Snapdragon,1.5,3000,0,16
Folder 2,11999,78.25824801,6,0,0,0,LG,Snapdragon,1.5,2,0,128
Reno 5,29990,83,8,1,0,0,Oppo,Snapdragon,2.4,4300,1,128
A31 2020 (6GB RAM + 128GB),12490,72,6,0,0,0,Oppo,Helio,2.3,4230,0,128
Xperia 10 II,27999,75,4,0,1,0,Sony,Snapdragon,2,3600,1,128
Y91c,8199,78.25824801,2,0,0,0,Vivo,Helio,2,4030,0,32
Nova 7i,21990,81,8,0,0,0,Huawei,Dimensity,2.2,4200,1,128
Y19,20000,73,4,0,0,0,Vivo,Helio,2,5000,1,128
U3 (6GB RAM + 64GB),11990,74,6,0,0,0,Vivo,Snapdragon,2,5000,1,64
Redmi Note 9,11989,75,4,0,0,1,Xiaomi,Helio,2,5020,1,64
Redmi 8 (4GB RAM + 64GB),11490,66,4,0,0,1,Xiaomi,Snapdragon,2,5000,1,64
One Macro,11490,68,4,0,0,0,Motorola,Helio,2,4000,1,64
Pixel 3a XL,15999,67,4,0,1,0,Google,Qualcomm,2,3700,1,64
Galaxy A40,17990,69,4,0,0,0,Samsung,Samsung,2.2,3100,1,64
Galaxy S10 5G,78990,86,8,1,1,0,Samsung,Exynos,2.7,4500,1,256
Honor 9N,10949,66,4,0,0,0,Huawei,Dimensity,2.36,3000,0,64
Redmi Note 4,10300,65,4,0,0,0,Xiaomi,Qualcomm,2,4100,0,64
Ultra 4G,1899,78.25824801,6,0,0,0,BlackZone,Dimensity,2,2500,0,128
V Max,45999,88,12,1,0,0,Doogee,Dimensity,2.6,22000,1,256
Nova Y61,21990,63,4,0,0,0,Huawei,Helio,2.6,5000,1,64
Z9,19990,76,8,1,0,0,iQOO,Snapdragon,2.6,5000,1,128
V29,32990,84,8,1,0,0,Vivo,Snapdragon,2.4,5000,1,256
M5 (6GB RAM + 128GB),14499,77,6,0,0,1,Poco,Helio,2.2,5000,1,128
X30,41990,85,6,1,1,0,Nokia,Snapdragon,2.2,4200,1,128
Pova Neo 2,13990,67,6,0,0,0,Tecno,Helio,2,7000,0,128
110 (2022),1599,78.25824801,6,0,0,0,Nokia,Snapdragon,2,1000,0,128
5710 XpressAudio,4799,78.25824801,6,0,0,0,Nokia,Snapdragon,2,48,0,128
Y15C (3GB RAM + 64GB),10490,67,3,0,0,0,Vivo,Helio,2.3,5000,0,64
Nova 10,29990,82,8,0,0,0,Huawei,Snapdragon,2.4,4000,1,128
Nova Y90,22990,82,8,0,1,0,Huawei,Snapdragon,2.4,5000,1,128
Galaxy A92 5G,47990,80,8,1,0,0,Samsung,Dimensity,3,5000,1,128
Note 12 VIP,19999,84,8,0,0,0,Infinix,Helio,2.05,4500,1,128
Nord 4 5G,29999,83,8,1,1,0,OnePlus,Snapdragon,2.36,4500,1,128
Narzo 50A Prime (4GB RAM + 128GB),11879,74,4,0,0,0,Realme,Tiger,1.82,5000,1,128
Ace 5G,28990,84,8,1,1,0,OnePlus,Dimensity,2.85,4500,1,128
9 5G (12GB RAM + 256GB),39990,85,12,1,0,0,iQOO,Snapdragon,2.9,4350,1,256
Redmi Note 12T 5G,15999,78,6,1,0,1,Xiaomi,Dimensity,2,5000,1,64
A96 5G,22990,82,8,1,0,0,Oppo,Snapdragon,2.2,4500,1,256
FlexPai 3 5G,149999,87,8,1,0,0,Royole,Snapdragon,2.84,3360,0,128
Camon 18,11499,75,4,0,1,0,Tecno,Helio,2,5000,1,128
Phantom X Pro,22999,84,8,0,0,0,Tecno,Helio,2.05,5000,1,256
Spark 8T,7999,70,4,0,0,0,Tecno,Helio,2.3,5000,0,64
GT Neo2 5G,31999,82,8,1,1,0,Realme,Snapdragon,3.2,5000,1,128
Xperia 10 III Lite 5G,30990,78,6,1,1,0,Sony,Snapdragon,2,4500,1,64
G1,7999,64,3,0,0,0,Realme,Helio,2.3,6000,0,32
Pova 2,10999,74,4,0,0,0,Tecno,Helio,2,7000,1,64
X4,14990,79,6,1,0,0,Poco,Dimensity,2.2,5000,1,128
Moto G40 Fusion,14499,77,4,0,0,0,Motorola,Snapdragon,2.3,6000,1,64
9T,44999,86,8,1,1,0,OnePlus,Snapdragon,2.84,4500,1,128
8 (8GB RAM + 128GB),17999,83,8,0,0,0,Realme,Helio,2,5000,1,128
Narzo 30 Pro 5G (8GB RAM +128GB),19999,83,8,1,0,0,Realme,Dimensity,2.4,5000,1,128
A23 Pro,3999,78.25824801,1,0,0,0,Itel,Helio,1.4,2400,0,8
Galaxy S21 Ultra 5G (12GB RAM + 128GB),101999,78.25824801,12,1,1,0,Samsung,Exynos,2.9,5000,1,128
Reno 5 Pro 5G,38700,84,8,1,0,0,Oppo,Dimensity,2.6,4350,1,128
Nord SE,19999,73,4,0,0,0,OnePlus,Snapdragon,2,4500,1,64
Galaxy M12,10999,72,4,0,0,0,Samsung,Exynos,2,6000,1,64
Nord N100,16990,68,4,0,0,0,OnePlus,Snapdragon,1.8,5000,1,64
iPhone 12 Mini (256GB),55999,75,4,1,1,0,Apple,Bionic,3.1,5,0,256
iPhone 12 (256GB),67999,76,4,1,1,0,Apple,Bionic,3.1,6,0,256
A15,9999,66,3,0,0,0,OPPO,Helio,2.3,4230,0,32
Redmi Note 9 Pro (4GB RAM + 128GB),14439,77,4,0,0,1,Xiaomi,Snapdragon,2.3,5020,1,128
150 (2020),2499,78.25824801,6,0,0,0,Nokia,Helio,2.3,1020,0,128
A12,9990,64,3,0,0,0,Oppo,Helio,1.8,4230,0,32
X50 Pro 5G (8GB RAM + 128GB),24999,85,8,1,1,0,Realme,Snapdragon,2.84,4200,1,128
Galaxy S20 Plus 5G,85990,78.25824801,8,1,1,0,Samsung,Exynos,2.73,4500,1,128
Redmi K20 Pro Signature Edition,480000,88,8,0,1,0,Xiaomi,Snapdragon,2.8,4000,1,256
Redmi Note 8 Pro,16999,78,6,0,0,1,Xiaomi,Helio,2.05,4500,1,64
A1,8999,78.25824801,2,0,0,0,Realme,Helio,2.1,4000,0,16
A73,15990,62,3,0,0,0,OPPO,Helio,2.5,3200,0,32
3310 4G,3999,78.25824801,6,0,0,0,Nokia,Helio,2.5,2,0,128
Earth 2,3890,78.25824801,3,0,0,0,Lyf,Snapdragon,1.5,2500,0,32
Guru E1200,1685,78.25824801,6,0,0,0,Samsung,Helio,1.5,1,0,128
iPhone 15 Plus,84990,75,8,1,1,0,Apple,Bionic,1.5,4532,1,128
Y55s 2023,21999,78,4,1,1,0,Vivo,Dimensity,2.2,5000,1,128
K88 Pro 4G,2099,78.25824801,6,0,0,0,iKall,Helio,2.2,2,0,128
Blaze NXT,8999,66,4,0,0,0,Lava,Helio,2.3,5000,0,64
U1 Livo,649,78.25824801,6,0,0,0,Eunity,Helio,2.3,1000,0,128
Camon 20 Premier,20999,79,6,1,1,0,Tecno,Dimensity,2.2,5000,1,128
Reno 8 House of Dragon Edition,32990,84,8,1,1,0,OPPO,Dimensity,3,4500,1,128
Moto E22s,9022,70,4,0,0,0,Motorola,Helio,2.3,5000,1,64
Redmi A1 Plus (3GB RAM + 32GB),8399,61,3,0,0,0,Xiaomi,Helio,2,5000,1,32
Hot 20i,9999,64,3,0,0,0,Infinix,Helio,2,5000,0,64
Spark 9 (3GB RAM + 64GB),8390,63,3,0,0,0,Tecno,Helio,2.3,5000,0,64
Axon 30S,19999,82,6,1,1,0,ZTE,Snapdragon,3.2,4200,1,128
X6,13999,71,4,0,0,0,Honor,Helio,2,5000,1,64
Civi 2,29999,85,8,1,1,1,Xiaomi,Snapdragon,2.4,4500,1,128
Ion X,8990,60,3,0,0,0,TCL,Helio,2,3000,1,32
Galaxy Z Fold 4 (12GB RAM + 1TB),163980,78.25824801,6,1,1,0,Samsung,Snapdragon,3.2,4400,1,128
Phone 1 Lite,24990,80,6,1,1,0,Nothing,Snapdragon,2.5,5000,1,128
Moto Edge X30 Pro,59990,78.25824801,8,1,1,0,Motorola,Snapdragon,3.2,4450,1,128
Ace Pro,47990,86,12,1,1,0,OnePlus,Snapdragon,3.2,4800,1,256
GT 2 Explorer Master Edition,40990,86,8,1,1,0,Realme,Snapdragon,3.2,5000,1,128
Galaxy M35,22999,74,8,0,1,0,Samsung,Helio,3.2,6000,1,128
Galaxy A05,12990,63,4,0,0,0,Samsung,Helio,3.2,5000,1,64
Note 12 Turbo,14999,79,8,0,0,0,Infinix,Helio,2,5000,1,128
F5 GT 5G,42999,86,8,1,1,1,POCO,Dimensity,3,4500,1,128
Z8 5G,14999,78,4,1,0,0,iQOO,Snapdragon,2.2,5000,1,128
Y55 4G,22990,83,8,0,0,0,Vivo,Snapdragon,2.4,5000,1,128
X Fold 5G (12GB RAM + 512GB),118990,78.25824801,12,1,1,0,Vivo,Snapdragon,3,4600,1,512
K10 Pro 5G,29990,81,8,1,0,0,Oppo,Snapdragon,2.84,5000,1,128
Spark 8C,7399,62,3,0,0,0,Tecno,Unisoc,2,5000,0,64
Z7 5G,17999,80,8,1,0,0,iQOO,Snapdragon,2.2,4200,1,128
Note 11 (6GB RAM + 128GB),12799,77,6,0,0,0,Infinix,Helio,2,5000,1,128
11i HyperCharge 5G (8GB RAM + 128GB),26999,86,8,1,0,1,Xiaomi,Dimensity,2.5,4500,1,128
Galaxy F42 5G (8GB RAM + 128GB),22999,82,8,1,0,0,Samsung,Dimensity,2.2,5000,1,128
iPhone 13 Pro (1TB),147900,84,6,1,1,0,Apple,Bionic,3.22,3095,1,128
Red Magic 6S 5G,44999,84,8,1,1,0,Nubia,Snapdragon,2.9,5050,1,128
IN 2B (6GB RAM + 64GB),7790,68,6,0,0,0,Micromax,Unisoc,1.8,5000,0,64
X60 5G,39990,87,6,1,0,0,Nokia,Snapdragon,3.2,6000,1,128
Y12a,9999,65,3,0,0,0,Vivo,Snapdragon,2,5000,0,32
Reno 5A,22990,80,6,1,0,0,Oppo,Snapdragon,2.4,4000,1,128
F3 GT,32999,79,6,1,0,1,Poco,Dimensity,3,5065,1,128
50,32990,85,6,1,1,0,Honor,Snapdragon,2.4,4300,1,128
A54 (6GB RAM + 128GB),14999,74,6,0,0,0,OPPO,Helio,2.3,5000,1,128
8i,12499,74,4,0,0,0,Realme,Helio,2.05,5000,1,64
7 Legend,39990,84,8,1,1,0,iQOO,Snapdragon,2.84,4000,1,128
C11 2021,6499,61,2,0,0,0,Realme,Unisoc,1.6,5000,0,32
Galaxy A22,18499,76,6,0,0,0,Samsung,Helio,2,5000,1,128
GT 5G,30994,85,8,1,1,0,Realme,Snapdragon,2.84,4500,1,128
Pixel 5A,32999,78,6,1,1,0,Google,Snapdragon,2.4,4620,1,128
Galaxy F12,10499,73,4,0,0,0,Samsung,Exynos,2,6000,1,64
Galaxy F41 (6GB RAM + 128GB),19999,82,6,0,0,0,Samsung,Exynos,2.3,6000,1,128
Galaxy A21s (6GB RAM + 128GB),17499,75,6,0,0,0,Samsung,Exynos,2,5000,0,128
Redmi 9A (6GB RAM + 128GB),10990,69,6,0,0,0,Xiaomi,Helio,2,5000,0,128
V20 SE,19000,82,8,0,0,0,Vivo,Snapdragon,2,4100,1,128
A53 2020 (6GB RAM + 128GB),13990,70,6,0,0,0,OPPO,Snapdragon,1.8,5000,1,128
Narzo 20,10499,72,4,0,0,0,Realme,Helio,2,6000,1,64
Vision 1 (3GB RAM + 32GB),5890,78.25824801,3,0,0,0,itel,Unisoc,1.6,4000,0,32
C11,6490,61,2,0,0,0,Realme,Helio,2.3,5000,0,32
Mi 10 5G (8GB RAM + 256GB),54999,88,8,1,1,1,Xiaomi,Snapdragon,2.84,4780,1,256
Y21 (2020),9990,65,4,0,0,0,Vivo,Snapdragon,1.8,5000,0,64
Z,24999,79,8,0,0,0,OnePlus,Snapdragon,2.4,4300,1,128
5310 Dual Sim,3399,78.25824801,6,0,0,0,Nokia,Unisoc,2.4,2,0,128
Aquos R5G,59990,88,12,0,1,0,Sharp,Snapdragon,2.84,3730,1,256
Mate 30 RS Porsche Design,214990,78.25824801,12,1,1,1,Huawei,Unisoc,2.86,4500,1,512
Galaxy A11,9990,63,2,0,0,0,Samsung,Helio,2.86,4000,1,32
C2,6999,78.25824801,2,0,0,0,Realme,Helio,2,4000,0,16
Mate X,169000,78.25824801,8,1,1,1,Huawei,Unisoc,2.86,4500,1,512
Galaxy A9 Pro (2019),39990,78,6,0,1,0,Samsung,Snapdragon,2.2,3400,1,128
Galaxy A7 (2018),21490,70,4,0,0,0,Samsung,Exynos,2.2,3300,0,64
Y55S,13490,78.25824801,3,0,0,0,Vivo,Snapdragon,1.2,2730,0,16
C55,7999,70,4,0,0,0,Poco,Helio,2,5000,0,64
BV5200 Pro,8990,67,4,1,1,0,Blackview,Helio,2.3,5180,1,64
X7a,13999,75,6,0,0,0,Honor,Helio,2.3,5000,1,128
F40 Flip,1999,78.25824801,6,0,0,0,XTouch,Unisoc,2.3,32,0,128
A58x,13990,72,6,1,0,0,OPPO,Dimensity,2.2,5000,1,128
S99,14999,84,8,0,1,0,Doogee,Helio,2.05,6000,1,128
X3,6999,78.25824801,3,0,0,0,Lava,Helio,2,4000,0,32
Edge 40 Fusion,42990,87,8,1,1,0,Motorola,Snapdragon,3.2,4500,1,128
Z18,6799,61,4,0,0,0,iKall,Dimensity,3.2,5000,0,64
WP9,25899,72,6,0,1,0,Oukitel,Helio,2,8000,0,128
14,54999,89,12,1,1,1,Xiaomi,Snapdragon,3.2,5000,1,256
ThinkPhone,49990,89,8,1,1,0,Motorola,Snapdragon,3.2,5000,1,128
Civi 3,32990,86,8,1,1,1,Xiaomi,Dimensity,3.1,5000,1,256
Narzo 50i Prime (4GB RAM + 64GB),8720,64,4,0,0,0,Realme,Tiger,1.82,5000,1,64
Find X6,69990,89,8,1,1,0,Oppo,Snapdragon,3.2,4700,1,256
A23s,4787,78.25824801,2,0,0,0,itel,Spreadtrum,1.4,3020,0,32
Pixel 8 Pro,70990,80,12,1,1,0,Google,Google,1.4,5000,1,256
X Fold 2,119990,78.25824801,12,1,1,0,Vivo,Snapdragon,3.2,4800,1,256
Moto Edge S30 Pro,34990,83,8,1,0,0,Motorola,Snapdragon,3,5000,1,128
X8 5G,14990,75,6,1,0,0,Honor,Snapdragon,2.2,5000,1,128
X4 GT 5G (8GB RAM + 256GB),28990,85,8,1,1,1,POCO,Dimensity,2.85,5080,1,256
Moto G91 5G,19990,80,6,1,1,0,Motorola,Snapdragon,2.2,5000,1,128
Galaxy M52s 5G,24990,74,8,1,0,0,Samsung,Unisoc,2.2,5000,1,128
